contact_id,date_souscription,formation_achete_transaction_gagne
100167913669,2024-11-22 16:41:00,False
100214647001,2025-01-29 10:50:00,False
1003,2025-01-17 14:55:00,False
1004,2024-07-15 10:42:00,False
100720228574,2025-03-07 14:42:00,False
101530181878,2025-01-15 16:21:00,False
10166590169,2024-07-19 09:30:00,False
102377837790,2025-01-21 13:01:00,False
10287665363,2024-06-21 14:27:00,False
10296037111,2024-06-28 10:59:00,False
10304352502,2024-06-21 16:00:00,False
1030851,2024-09-05 13:19:00,False
10364698081,2024-12-23 14:34:00,False
10440074944,2024-11-30 16:57:00,False
10441166034,2024-06-17 11:15:00,False
10442106853,2024-12-10 13:44:00,False
104909008060,2025-01-02 14:41:00,False
10500858584,2024-10-22 13:42:00,False
10527243477,2025-02-04 09:47:00,False
105331805427,2025-01-09 16:19:00,False
1057801,2024-11-05 16:16:00,False
1067,2025-02-04 16:10:00,False
107247123648,2024-12-23 14:26:00,False
10727911666,2024-07-03 13:24:00,False
10812487384,2024-06-12 11:39:00,False
1081651,2025-03-26 14:44:00,False
1081653,2024-12-20 16:07:00,False
1081701,2025-03-31 16:14:00,False
1081712,2024-08-26 11:59:00,False
1081753,2024-12-23 14:33:00,False
1081770,2025-03-17 15:19:00,False
1081771,2024-07-25 09:36:00,False
1081772,2024-06-18 14:37:00,False
1081806,2024-07-02 09:18:00,False
1081909,2024-07-05 10:02:00,False
1081952,2025-01-24 16:19:00,False
1082003,2025-03-28 15:53:00,False
1082107,2025-03-17 15:21:00,False
1082151,2025-02-17 16:37:00,False
108222530771,2024-12-21 14:35:00,False
10845966795,2024-07-11 09:57:00,False
10861585369,2024-12-23 14:24:00,False
1087,2024-07-03 16:44:00,False
10875471348,2024-10-25 14:10:00,False
1089,2024-06-17 12:23:00,False
1090,2025-03-20 15:59:00,False
109257849053,2025-01-10 14:58:00,False
10959980783,2024-06-17 12:22:00,False
110171330778,2025-02-11 16:14:00,False
11017564358,2024-06-17 11:49:00,False
110407023812,2025-01-29 15:12:00,False
110489644220,2025-02-20 15:49:00,False
110967156925,2025-01-28 14:18:00,False
111128270022,2024-12-10 13:46:00,False
111128277236,2024-12-11 12:54:00,False
1113151,2024-09-30 15:30:00,False
111333942482,2025-02-27 12:16:00,False
1113454,2024-12-19 11:16:00,False
1113487,2024-08-23 14:49:00,False
111429512393,2025-01-24 12:49:00,False
111461679294,2024-12-16 13:10:00,False
111472173243,2024-12-27 16:06:00,False
11179052793,2025-01-31 10:37:00,True
11193069294,2024-08-02 14:07:00,False
111955838179,2025-01-11 11:42:00,False
112109754580,2025-01-09 16:04:00,False
112319395065,2024-12-09 17:20:00,False
112888960224,2025-02-19 09:45:00,False
113638259906,2024-12-23 14:28:00,False
113755826414,2025-01-24 15:41:00,False
113772251356,2025-01-09 16:59:00,False
113854249152,2025-01-06 14:31:00,False
114422797555,2024-12-18 17:39:00,False
11504885228,2024-09-21 10:27:00,False
11505304811,2024-12-14 14:14:00,False
115883576540,2025-01-24 12:53:00,False
115949959380,2025-01-02 11:59:00,False
116031901931,2024-12-05 10:16:00,False
116041948395,2024-12-09 17:02:00,False
1160651,2025-01-09 16:41:00,False
116119015622,2025-01-06 10:06:00,False
116299034860,2025-02-04 11:31:00,False
116299037923,2024-12-13 11:15:00,False
11658097633,2024-11-26 13:21:00,True
11669744626,2024-07-08 10:17:00,False
1170,2024-12-12 15:17:00,False
11707152613,2024-07-26 15:37:00,False
117094363331,2024-12-24 10:20:00,False
1171,2024-10-29 15:09:00,False
117114367215,2024-12-27 16:04:00,False
117256392934,2025-01-15 14:49:00,False
117380702428,2025-02-19 10:18:00,False
1176,2024-12-12 15:17:00,False
1179411,2024-08-28 11:18:00,False
1180,2025-02-04 16:40:00,False
118208427225,2025-02-17 16:34:00,False
1182901,2024-12-23 14:23:00,False
1184,2024-09-18 12:01:00,False
118485424336,2025-02-26 16:22:00,False
118627195121,2025-01-24 12:56:00,False
118651230444,2024-12-12 14:35:00,False
1199,2024-11-19 12:36:00,False
120216111338,2025-01-23 16:41:00,False
12060159190,2024-06-24 16:32:00,False
120850475233,2025-01-02 16:10:00,False
121010516207,2024-12-18 16:03:00,False
121251,2024-07-19 09:31:00,False
121291005132,2025-02-22 14:41:00,True
121779094761,2025-01-15 15:34:00,False
1226551,2024-10-03 09:12:00,False
1236351,2025-01-24 15:59:00,False
123699430587,2024-12-16 13:18:00,False
123699445953,2024-12-23 14:24:00,False
123699453124,2024-12-16 14:54:00,False
123699460335,2024-12-16 14:56:00,False
1237451,2024-06-11 16:35:00,False
1237551,2024-09-12 15:35:00,False
1237653,2024-06-28 15:24:00,False
1237656,2024-11-05 15:22:00,False
1237801,2024-10-16 11:08:00,False
1237851,2024-09-06 11:42:00,False
1242351,2024-06-18 12:02:00,False
124694506713,2024-12-27 16:04:00,False
124713347290,2025-01-15 16:26:00,False
12490686659,2024-10-04 14:28:00,False
1249951,2024-10-16 14:48:00,False
1250551,2024-06-30 17:41:00,False
1254001,2024-11-15 09:52:00,False
126146148570,2025-01-09 16:32:00,False
1263551,2024-10-10 15:46:00,False
126370460870,2024-12-16 14:56:00,False
126414675183,2024-12-18 15:50:00,False
1264301,2024-11-26 15:38:00,False
126768758986,2025-01-09 16:23:00,False
126934172909,2024-12-13 11:30:00,False
127660554480,2024-12-23 14:23:00,False
127851662529,2025-04-03 10:56:00,False
128796038358,2024-12-27 16:10:00,False
1288301,2025-01-20 15:23:00,False
128869822713,2025-02-05 10:45:00,False
128907155648,2025-01-17 13:41:00,False
128981113050,2025-01-24 15:53:00,False
128995476726,2025-03-24 14:40:00,True
129090372827,2025-01-02 12:04:00,False
129249718500,2025-01-24 15:58:00,False
12973759694,2024-06-27 09:20:00,False
129774530764,2025-01-31 10:35:00,False
12989372910,2024-08-30 15:17:00,False
129912423631,2025-01-15 16:15:00,False
130051868877,2025-01-14 16:00:00,False
130085775589,2025-01-29 10:10:00,False
130214156501,2025-01-15 16:09:00,False
1308301,2025-03-28 16:23:00,False
1309,2024-12-13 10:57:00,False
130983475423,2025-03-17 15:23:00,False
131057360077,2025-01-24 16:15:00,False
131064657143,2025-01-03 15:53:00,False
131093905612,2025-02-17 10:04:00,False
1312851,2024-07-01 14:34:00,False
1314501,2025-02-04 16:45:00,False
131908565225,2024-12-27 16:06:00,False
13215080665,2024-11-13 15:47:00,False
1323451,2025-02-04 16:13:00,False
132658693351,2024-12-20 16:24:00,False
132658695399,2025-02-05 10:42:00,False
13267456505,2025-01-20 16:50:00,False
13276979397,2024-06-17 11:02:00,False
1330101,2025-02-08 12:05:00,False
133257742526,2025-01-15 16:13:00,False
1337254,2024-07-31 17:31:00,False
134,2024-11-15 11:19:00,False
134248584410,2025-03-20 16:12:00,False
134248664254,2024-12-27 15:36:00,False
134248665311,2025-01-31 10:36:00,False
134248697025,2024-12-28 15:32:00,False
134249004243,2025-01-09 16:13:00,False
13429426680,2024-12-04 14:29:00,False
1346,2024-11-05 11:05:00,False
13464954327,2024-06-17 11:07:00,False
134765706429,2025-02-05 10:17:00,False
1348551,2024-12-20 16:17:00,False
135219705041,2025-02-08 14:13:00,False
135565988080,2024-12-24 09:16:00,False
135565995239,2025-01-09 16:46:00,False
135566002370,2024-12-23 14:37:00,False
135645342941,2025-03-17 15:22:00,False
135759843519,2024-12-23 14:38:00,False
135759854833,2024-12-23 14:31:00,False
135762367691,2024-12-23 14:31:00,False
135762376941,2024-12-23 14:32:00,False
135834054877,2025-01-03 15:47:00,False
135834069202,2024-12-23 14:32:00,False
135959315677,2024-12-23 14:38:00,False
135959320775,2025-01-10 09:10:00,False
135959329983,2024-12-23 14:44:00,False
1362201,2024-10-10 15:48:00,False
136974528756,2025-01-02 16:40:00,False
137012740329,2024-12-26 10:39:00,False
137207304383,2025-03-13 16:05:00,False
137310388426,2025-01-29 10:52:00,False
137361525981,2025-01-15 15:59:00,False
137361526990,2025-02-04 16:23:00,False
137776268523,2025-01-27 11:30:00,False
137839270093,2025-01-02 16:13:00,False
137839272141,2025-01-02 16:14:00,False
137839277260,2025-01-02 16:15:00,False
137839280371,2025-01-02 16:39:00,False
137839297722,2025-01-02 16:46:00,False
137839298767,2025-01-31 10:31:00,False
137839299784,2025-02-25 15:16:00,False
137863686337,2025-02-17 09:28:00,False
137863693510,2025-01-24 12:59:00,False
137863713991,2025-01-02 16:13:00,False
137863728341,2025-01-02 16:39:00,False
137863731441,2025-01-09 16:43:00,False
137863733483,2025-01-02 16:44:00,False
137863737548,2025-01-02 16:44:00,False
137863739601,2025-01-02 16:45:00,False
137863837896,2025-01-03 15:56:00,False
1392350,2025-01-14 11:56:00,False
1394073,2024-09-10 12:59:00,False
1394632,2025-01-24 15:43:00,False
1394654,2024-12-11 10:35:00,False
1394676,2025-03-13 15:42:00,False
1394933,2024-09-20 15:20:00,False
1395048,2025-02-17 16:29:00,False
1395163,2025-03-07 14:53:00,False
1395562,2024-09-12 17:36:00,False
1396426,2024-06-14 14:13:00,False
1396748,2024-09-12 15:35:00,False
1397351,2024-12-14 11:48:00,False
1397387,2024-07-03 16:57:00,False
1397509,2024-12-18 13:01:00,False
1397563,2025-01-24 16:39:00,False
1398507,2025-01-17 11:30:00,False
1398726,2024-07-31 14:49:00,False
1400051,2025-01-24 12:56:00,False
1400061,2024-06-26 15:51:00,False
1400279,2024-07-23 14:33:00,False
1401148,2025-01-15 10:38:00,True
140178581704,2025-01-09 10:31:00,False
1402395,2024-06-13 11:03:00,False
1406496,2024-08-04 11:16:00,False
1409007,2025-01-03 13:00:00,False
14105193205,2024-11-05 17:07:00,False
14120549334,2024-07-08 13:48:00,False
1412671,2025-03-21 14:53:00,False
1412718,2024-12-26 12:55:00,False
1412733,2025-03-12 16:09:00,False
1413689,2024-06-11 16:07:00,False
1415431,2024-12-03 10:38:00,False
1418551,2025-03-11 11:59:00,False
143073526991,2024-12-26 15:38:00,False
143815468234,2025-01-24 14:13:00,False
14459224555,2024-06-10 13:11:00,False
145042639080,2025-02-04 16:13:00,False
146981951675,2025-01-28 17:33:00,False
147150208223,2025-01-09 16:42:00,False
147248550092,2025-01-09 16:43:00,False
147475174642,2025-01-09 16:40:00,False
147573284058,2025-02-04 16:05:00,False
147833927871,2025-01-02 11:01:00,False
147833950453,2025-01-13 14:36:00,False
14851267304,2024-07-30 11:00:00,False
149043191008,2025-01-15 16:20:00,False
149851702462,2025-02-17 10:04:00,False
150959681741,2025-01-30 16:03:00,False
15130353882,2024-06-25 14:13:00,False
151535689938,2025-01-24 16:13:00,False
151562538219,2025-03-27 15:55:00,True
151651121340,2025-01-15 16:18:00,False
151787369715,2025-03-26 14:49:00,False
1523,2024-11-02 16:26:00,False
1528,2024-07-15 10:48:00,False
15297732560,2024-06-27 11:47:00,False
15311806923,2024-07-08 13:52:00,False
15315464927,2024-06-26 12:32:00,False
15315840459,2024-07-09 11:39:00,False
1540,2024-08-29 15:14:00,False
155086935264,2025-02-03 14:12:00,False
1552,2024-10-29 12:18:00,False
1552851,2024-07-06 11:47:00,False
155385063657,2025-03-31 10:05:00,False
15632845290,2024-06-17 10:56:00,False
156478402760,2025-02-12 15:51:00,False
15666045385,2024-11-29 12:36:00,False
156660843747,2025-02-19 10:00:00,False
156711767239,2025-03-06 12:33:00,False
15674278097,2025-02-25 14:27:00,False
15674451133,2024-08-27 09:53:00,False
15675283940,2024-06-11 16:09:00,False
15675485668,2024-10-15 13:10:00,False
1569701,2024-07-30 16:11:00,False
157278136523,2025-01-20 12:17:00,False
157841621217,2025-01-29 10:45:00,False
1580,2024-07-31 12:20:00,False
15829302763,2024-06-27 10:12:00,False
158433904836,2025-02-08 14:29:00,False
15855734977,2024-08-30 14:01:00,False
158773121248,2025-01-29 11:58:00,False
158832411862,2025-02-17 16:31:00,False
159489401071,2025-01-29 12:03:00,False
159489407189,2025-01-17 10:50:00,False
159663895758,2025-02-04 16:09:00,False
159705723113,2025-01-17 11:26:00,False
159758533837,2025-02-19 10:22:00,False
159781996773,2025-03-31 16:17:00,False
159925650626,2025-01-24 16:18:00,False
16002213368,2024-07-10 10:16:00,False
160034640104,2025-03-06 09:31:00,False
160098110650,2025-01-31 11:18:00,False
160174755045,2025-02-03 16:17:00,False
1602451,2025-01-30 15:50:00,False
1608201,2024-12-09 15:24:00,False
161029817581,2025-02-20 15:49:00,False
1613,2024-10-21 12:49:00,False
16162045377,2024-06-19 10:24:00,False
1622901,2025-03-13 16:49:00,False
16251011281,2024-07-03 17:17:00,False
16252062197,2024-06-17 11:48:00,False
16258139125,2024-09-09 14:20:00,False
162751,2024-10-23 15:58:00,False
162964277466,2025-01-16 16:03:00,False
163246652642,2025-03-26 14:53:00,False
164056823019,2025-01-24 15:18:00,False
164072755420,2025-02-19 09:54:00,False
164117573837,2025-01-30 16:25:00,False
16446792660,2024-09-03 12:14:00,False
1652,2025-01-02 15:56:00,False
165618944244,2025-02-25 16:48:00,False
1662201,2025-01-28 12:50:00,False
166317948146,2025-01-29 12:01:00,False
166543356146,2025-01-24 16:06:00,False
166559737018,2025-02-06 16:10:00,False
1673801,2024-06-17 13:58:00,False
16815485376,2024-06-28 13:04:00,False
168418033855,2025-02-24 11:14:00,False
1685,2024-10-22 10:35:00,False
16851958988,2024-06-28 12:11:00,False
168549933304,2024-12-23 14:32:00,False
168549937401,2024-11-22 10:54:00,False
168549943492,2024-10-04 14:09:00,False
168549945553,2024-10-16 14:18:00,False
168549953752,2024-12-11 11:40:00,False
168554671318,2025-02-05 10:41:00,False
168554677473,2024-11-18 09:45:00,False
168554686676,2025-01-15 16:12:00,False
168554696908,2024-12-23 14:40:00,False
168554704080,2024-12-16 13:06:00,False
168554705141,2024-11-18 09:48:00,False
168554706133,2025-02-05 10:45:00,False
168554708202,2025-01-03 15:37:00,False
168554709223,2025-01-09 17:00:00,False
168554714349,2025-01-15 15:18:00,False
168554715372,2024-12-20 14:17:00,False
168554720461,2025-01-02 14:40:00,False
168554723534,2024-11-26 14:05:00,False
168554725604,2025-02-04 16:11:00,False
168554769629,2025-01-10 09:13:00,False
168554774722,2024-08-10 14:18:00,False
168554788057,2024-09-17 15:12:00,False
168554795219,2025-01-31 10:33:00,False
168554799337,2024-09-13 17:16:00,False
168554813626,2024-12-20 13:37:00,False
168554817759,2024-07-03 17:18:00,False
168554822885,2024-12-16 13:22:00,False
168554829049,2025-01-20 16:52:00,False
168554852548,2025-01-15 16:19:00,False
168554925275,2024-11-13 15:51:00,False
168554932427,2024-12-20 16:08:00,False
168554983633,2024-12-23 14:25:00,False
168555053289,2024-07-04 11:26:00,False
168555058379,2024-09-26 15:08:00,False
168559705330,2024-07-09 10:48:00,False
168559707326,2025-01-28 13:33:00,False
168559707357,2025-01-31 10:49:00,False
168559712458,2024-08-02 10:37:00,False
168559717621,2025-01-14 08:25:00,False
168559731959,2024-10-25 11:11:00,False
168566122745,2024-12-20 12:37:00,False
168573281518,2024-09-25 17:54:00,False
168573284552,2024-10-09 11:36:00,False
168573301966,2024-12-27 11:55:00,False
168573314235,2025-02-05 10:14:00,False
168577993941,2025-02-27 09:13:00,False
168578004200,2024-12-28 16:31:00,False
168578009327,2024-11-15 10:06:00,True
168614976700,2024-10-21 15:42:00,False
168614978806,2025-02-17 16:48:00,False
168615015635,2024-11-18 09:32:00,False
168622684382,2025-03-20 15:47:00,False
168649739471,2024-12-23 14:35:00,False
168649740514,2025-01-02 11:17:00,False
16891045093,2024-08-12 15:20:00,False
169169589495,2025-01-31 16:14:00,False
169207276743,2025-02-08 14:14:00,False
169235463380,2025-03-18 13:19:00,False
169241698519,2025-02-17 16:22:00,False
169461206212,2025-01-29 12:16:00,False
169461472483,2024-10-16 16:09:00,False
169461473496,2024-06-29 09:53:00,False
169461488861,2024-10-08 14:52:00,False
169461495009,2024-12-09 17:14:00,False
169461502158,2025-02-04 12:48:00,False
169461541093,2024-12-03 10:17:00,False
169561765052,2025-03-20 13:44:00,False
169999691991,2024-11-13 15:45:00,False
169999789257,2024-06-17 11:03:00,False
169999903951,2024-09-18 16:04:00,False
169999932649,2025-02-25 14:34:00,False
170000081137,2024-12-13 10:54:00,False
170000115945,2024-11-20 16:38:00,False
170000233692,2025-03-28 10:15:00,True
170000300268,2025-01-30 16:20:00,False
170079289539,2025-02-28 15:32:00,False
170112868595,2024-12-16 14:59:00,False
170112879843,2024-12-09 17:18:00,False
170119905492,2024-12-27 15:53:00,False
170242758905,2025-03-25 16:46:00,False
170242798796,2025-02-25 10:32:00,False
170270744815,2025-02-04 16:01:00,False
170309870838,2025-01-31 15:44:00,False
170495259889,2025-02-25 14:20:00,False
17071659225,2024-12-16 15:08:00,False
17074864121,2024-11-02 16:23:00,False
17077882331,2024-10-24 14:57:00,False
17078018519,2024-10-08 14:46:00,False
17078644690,2024-12-18 15:49:00,False
17082535132,2025-01-29 10:31:00,False
171084194036,2025-02-18 10:48:00,False
171130037464,2025-01-24 16:12:00,False
171134186721,2025-02-26 16:21:00,False
171195398334,2025-01-30 16:17:00,False
171374297292,2025-01-24 12:06:00,False
171474586862,2025-01-25 17:00:00,False
171867291844,2025-02-25 14:46:00,False
171867291868,2025-02-24 17:19:00,False
171867295971,2025-02-04 16:31:00,False
171867524341,2025-02-04 16:37:00,False
171944477882,2025-02-17 16:26:00,False
171966758099,2025-03-19 11:21:00,False
1723,2024-11-22 16:37:00,False
17261803245,2025-01-09 16:54:00,False
17261803470,2024-12-18 15:45:00,False
17261803709,2024-07-29 15:18:00,False
17283856377,2024-08-06 11:03:00,False
17283856833,2024-08-30 15:43:00,False
17283856836,2024-11-27 11:26:00,False
17283857093,2025-02-28 15:34:00,False
17295061437,2024-06-28 14:39:00,False
17295139823,2024-07-01 12:41:00,False
17295140062,2024-10-22 13:30:00,False
17295296954,2025-01-16 11:40:00,False
17295297220,2025-01-02 16:12:00,False
17295371755,2024-12-09 17:15:00,False
17296166868,2025-02-19 10:08:00,False
17296167130,2025-01-02 15:52:00,False
17296167143,2025-02-11 16:13:00,False
17296234209,2024-06-29 14:04:00,False
17297318890,2024-07-15 10:45:00,False
17297372346,2024-12-17 16:44:00,False
17297372398,2024-06-28 11:51:00,False
17297372401,2025-03-13 15:55:00,False
17297466616,2025-01-03 15:56:00,False
17297891546,2024-06-11 16:13:00,False
17298579156,2025-01-15 16:22:00,False
17298579178,2024-08-13 11:28:00,False
17298579421,2025-01-24 16:03:00,False
17298579644,2024-12-24 10:35:00,False
17299743946,2024-10-12 15:22:00,False
17299743988,2025-01-29 10:49:00,False
17299743992,2024-08-26 12:18:00,False
17299744213,2024-07-24 14:18:00,False
1730,2024-12-20 16:07:00,False
17300011197,2025-01-24 15:54:00,False
17300011211,2024-12-16 14:57:00,False
17300011470,2024-07-14 16:51:00,False
17300011707,2024-09-30 16:44:00,False
17300039394,2025-02-11 14:33:00,False
17300039897,2024-11-06 17:34:00,False
17300039898,2024-12-16 13:07:00,False
17300040140,2024-06-18 13:50:00,False
17300040164,2025-03-19 09:19:00,False
17300073705,2024-08-23 14:32:00,False
17300074431,2024-08-11 15:47:00,False
17300074716,2025-02-06 10:06:00,False
17300074723,2024-09-10 16:59:00,False
17300166642,2024-12-16 14:54:00,False
17300166886,2024-12-18 14:34:00,False
17300166892,2024-11-22 13:01:00,False
17300167123,2025-02-17 16:44:00,False
17300482782,2025-01-24 13:02:00,False
17300482794,2024-11-26 12:10:00,False
17300563403,2025-02-04 16:25:00,False
17300563433,2025-02-24 12:03:00,False
17300567994,2025-03-20 10:36:00,False
17300568042,2024-06-12 15:11:00,False
17300568264,2025-02-04 16:36:00,False
17316824552,2025-01-14 15:50:00,False
17318862301,2024-07-04 15:16:00,False
17337876157,2025-03-26 14:54:00,False
17351655359,2024-06-11 11:31:00,False
173998446807,2025-02-04 16:00:00,False
174011550946,2025-04-01 14:09:00,False
174040040649,2025-02-04 15:59:00,False
174047841523,2025-01-30 16:02:00,False
174065019076,2025-02-04 16:05:00,False
174072889576,2025-02-14 12:34:00,False
174095898840,2025-02-04 16:05:00,False
174095930571,2025-01-24 15:42:00,True
174109841614,2025-03-27 16:07:00,False
174171874536,2025-01-24 16:10:00,False
174171898045,2024-07-26 09:59:00,False
1745,2024-10-22 10:35:00,False
174568395966,2025-02-11 16:20:00,False
1746501,2025-02-21 12:05:00,False
175144887518,2025-02-06 09:30:00,False
17516989158,2024-06-20 11:55:00,False
175455335629,2025-03-18 12:35:00,False
175455618257,2025-03-17 15:17:00,False
175455700157,2025-02-04 16:30:00,False
17551,2024-09-27 15:53:00,False
17601,2024-06-21 09:32:00,False
17651,2025-03-11 13:49:00,False
1768601,2025-03-13 14:59:00,False
177100526789,2025-03-12 09:54:00,False
17714298557,2024-06-17 12:36:00,False
177179287741,2025-02-10 17:06:00,False
17728433621,2024-11-07 09:23:00,False
17733019579,2024-10-03 12:39:00,False
1778201,2024-07-08 09:20:00,False
17804158175,2024-07-11 12:59:00,False
178126752992,2025-02-14 14:43:00,True
178126836943,2025-01-29 15:32:00,False
17846217448,2024-06-11 17:31:00,False
17871418331,2024-06-14 09:43:00,False
17880987348,2024-06-11 17:31:00,False
179518677226,2025-03-20 15:44:00,False
180164945135,2025-02-18 15:56:00,False
180262378692,2025-02-10 11:44:00,False
1811801,2025-01-16 16:56:00,False
18122722542,2024-06-28 15:44:00,False
1821301,2024-07-23 16:10:00,False
182167855304,2025-02-17 16:33:00,False
182168155370,2025-02-20 16:04:00,False
18266501583,2024-06-11 16:09:00,False
182748859581,2025-02-08 14:31:00,False
183095356659,2025-02-08 14:17:00,False
183549198568,2025-03-13 15:45:00,False
184052503751,2025-02-11 16:14:00,False
18456410333,2024-07-10 14:47:00,False
18569190877,2024-07-16 10:14:00,False
18582606323,2024-07-24 12:59:00,False
186460957900,2025-03-13 15:20:00,False
186492178625,2025-02-11 11:31:00,False
1868302,2024-07-10 09:04:00,False
187068125415,2025-02-24 11:56:00,False
187068240107,2025-03-20 13:44:00,False
187068242109,2025-03-14 16:54:00,False
187068249324,2025-02-13 10:12:00,False
1872301,2024-10-02 09:18:00,False
187315701965,2025-02-08 14:16:00,False
187315708129,2025-01-23 10:14:00,False
187472007394,2025-02-08 14:12:00,False
187571689661,2025-01-24 14:29:00,False
18760208572,2024-09-12 17:35:00,False
18765448643,2024-07-12 10:06:00,False
187701614831,2025-02-20 15:50:00,False
187735875826,2025-02-19 10:10:00,False
188747750618,2025-02-17 16:24:00,False
188791170250,2025-02-17 16:24:00,False
188791239924,2025-02-25 14:28:00,True
1888251,2024-06-17 14:54:00,False
189052509416,2025-03-19 12:37:00,False
18925488315,2024-07-16 12:12:00,False
1892801,2025-02-17 16:40:00,False
18979227075,2024-07-04 15:25:00,False
189952617718,2025-02-28 15:53:00,False
1903901,2024-09-18 09:11:00,False
1912,2024-06-24 13:01:00,False
191306186947,2024-11-18 09:33:00,False
191309646061,2025-02-18 16:02:00,False
191360107706,2025-03-06 12:35:00,False
1914001,2024-07-15 10:41:00,False
191798058182,2024-10-03 11:58:00,False
191826975955,2025-02-17 16:47:00,False
19209454581,2024-08-28 15:39:00,False
1926401,2025-01-29 10:56:00,False
193215091903,2025-02-17 16:58:00,False
1935051,2025-01-29 10:12:00,False
193562191066,2025-02-27 16:09:00,True
1936351,2025-02-17 16:53:00,False
1936801,2025-03-17 15:13:00,False
1937251,2024-06-17 11:40:00,False
19403745212,2024-06-29 12:40:00,False
194193291458,2025-03-14 16:58:00,False
194193294568,2024-07-29 10:13:00,False
194235358412,2025-02-18 16:01:00,False
194254906600,2024-11-18 09:17:00,False
194254913781,2025-02-28 15:34:00,False
194262824152,2025-03-26 14:23:00,False
194357796044,2025-02-28 15:35:00,False
194391497943,2025-03-19 15:10:00,False
19519995080,2024-06-18 15:29:00,False
1953051,2024-06-17 11:13:00,False
19538238958,2024-06-21 10:34:00,False
195759554801,2025-02-27 10:13:00,False
1958,2024-11-25 09:24:00,False
195842341052,2025-02-20 16:05:00,False
195849594092,2025-02-20 16:05:00,False
195906253012,2025-02-27 10:13:00,False
196195505356,2025-02-25 17:09:00,False
196353666272,2025-02-28 15:33:00,False
196353926380,2025-03-10 12:56:00,False
196709276881,2025-03-14 16:57:00,False
19677909479,2024-06-19 11:08:00,False
19680336862,2024-07-03 17:16:00,False
19712275957,2024-09-02 14:32:00,False
19768841184,2024-07-15 10:37:00,False
1982,2024-06-17 11:59:00,False
198550538444,2025-02-24 11:13:00,False
198728707277,2025-03-07 16:45:00,True
198749838554,2025-03-14 16:55:00,False
198896133339,2025-02-26 13:22:00,False
199392677085,2025-02-28 15:32:00,True
1995,2025-03-18 10:21:00,False
199694975192,2025-02-24 11:59:00,False
199763569908,2025-02-25 14:46:00,False
200019299573,2025-03-17 10:49:00,False
20041795271,2024-07-03 17:00:00,False
200646847695,2025-03-03 09:06:00,False
200858986724,2025-03-28 12:00:00,False
20087444439,2024-11-27 15:51:00,False
201,2025-02-05 10:40:00,False
201064281275,2025-03-13 15:19:00,False
201179785413,2025-02-25 14:36:00,False
20181767134,2024-07-01 10:48:00,False
20197135817,2024-07-03 17:26:00,False
204197118138,2025-03-20 16:09:00,False
2055901,2024-07-03 10:20:00,False
2057051,2024-11-07 15:12:00,False
20667070172,2024-08-26 10:58:00,False
207101,2024-08-28 11:01:00,False
20846505940,2025-01-30 14:14:00,False
2084951,2025-01-02 12:11:00,False
208688185546,2025-03-07 10:33:00,True
209630526653,2025-02-28 15:35:00,False
20993129166,2024-07-08 11:48:00,False
2101,2024-09-05 12:51:00,False
2101051,2024-07-30 12:16:00,False
21034875322,2024-06-27 10:31:00,False
21035011528,2024-12-23 13:14:00,False
210860160236,2025-03-14 09:10:00,False
211073097944,2025-02-28 15:47:00,False
21157080282,2024-10-03 16:00:00,False
21167444667,2024-07-10 13:14:00,False
211893843188,2025-03-17 15:12:00,False
2126701,2024-10-25 10:51:00,False
212851,2024-08-26 12:15:00,False
212881892559,2025-03-07 14:46:00,False
213069091023,2025-03-07 14:44:00,False
21362727148,2024-09-25 09:53:00,False
21470976753,2025-01-02 16:14:00,False
21532489431,2024-09-18 15:46:00,False
2153951,2024-11-22 12:57:00,False
215742821614,2025-03-13 15:42:00,False
2160851,2025-02-17 16:30:00,False
216886919406,2025-03-13 16:59:00,False
216993780927,2025-03-19 12:37:00,False
217045847266,2025-03-19 12:37:00,False
217274966245,2025-03-27 16:07:00,False
217570816221,2025-03-27 16:07:00,False
217580423413,2025-03-27 16:07:00,False
21760768957,2024-08-06 10:05:00,False
21777978557,2025-02-18 10:47:00,False
2181451,2025-03-31 16:16:00,False
21825663458,2024-08-20 16:28:00,False
218480557282,2025-03-12 16:13:00,False
2186151,2024-06-28 13:47:00,False
218683280622,2025-03-26 14:23:00,False
218875861236,2025-03-20 16:04:00,False
218888901875,2025-03-13 16:04:00,False
218920153327,2025-03-26 14:23:00,False
219330810059,2025-03-17 15:21:00,False
2197951,2024-08-23 14:51:00,False
219924267223,2025-03-11 13:49:00,False
220547687657,2025-03-13 15:18:00,False
2212,2024-06-24 17:50:00,False
221927589098,2025-03-17 15:47:00,True
22197414093,2024-07-29 14:47:00,False
221997085934,2025-03-17 15:22:00,False
22214083271,2024-07-03 13:30:00,False
223208448212,2025-03-27 14:28:00,False
223258450153,2025-03-27 15:46:00,False
223258509530,2025-04-03 10:57:00,False
223258551508,2025-03-28 16:08:00,False
224312584383,2025-03-26 14:46:00,False
2245,2025-03-13 14:28:00,False
224593093854,2025-03-26 14:52:00,False
22500268994,2024-07-10 09:49:00,False
22501546966,2024-07-23 09:39:00,False
22508305596,2024-10-07 16:48:00,False
22510915802,2024-09-20 12:01:00,False
22518072310,2024-09-30 16:52:00,False
225572102384,2025-03-26 15:10:00,False
225634193657,2025-03-25 16:51:00,False
22654532814,2024-11-06 17:16:00,False
226740038851,2025-03-26 15:25:00,False
2268,2024-10-02 10:58:00,False
2275,2025-02-19 09:37:00,False
2286,2025-03-07 14:27:00,False
229784765636,2025-03-28 16:07:00,False
230401,2025-01-24 15:52:00,False
23089025760,2024-07-19 09:28:00,False
23129716190,2024-08-30 10:53:00,False
23171164662,2024-09-02 14:15:00,False
23233681375,2024-07-12 10:10:00,False
23254627301,2024-09-26 10:02:00,False
23285546216,2024-08-02 10:14:00,False
23299978221,2024-07-15 10:32:00,True
23305041600,2024-11-18 09:45:00,False
233303000297,2025-03-26 14:49:00,False
23352167151,2024-09-10 16:08:00,False
233963757782,2025-03-26 15:12:00,False
23403701724,2024-09-04 12:22:00,False
23404022987,2024-07-24 15:11:00,False
23461891562,2024-09-10 16:55:00,False
234646352076,2025-04-02 16:25:00,False
2346851,2024-06-11 16:07:00,False
234724498652,2025-03-26 15:27:00,False
234876886219,2025-03-26 15:27:00,False
236193310918,2025-04-03 11:34:00,False
23641810129,2024-09-02 14:24:00,False
238381034730,2025-04-01 16:14:00,False
238687496437,2025-02-04 16:08:00,False
238687503546,2025-03-27 15:54:00,False
239428803783,2025-04-03 10:51:00,False
240631558383,2025-04-03 11:04:00,False
241575924957,2025-04-03 10:56:00,False
24245675989,2024-10-16 13:55:00,False
24251196921,2025-01-29 10:50:00,False
2436,2025-02-28 15:33:00,True
2437851,2024-10-17 16:59:00,False
244113358010,2025-04-03 10:59:00,False
2443,2024-11-16 14:37:00,False
24572544467,2024-07-24 15:03:00,False
24575383504,2024-07-17 15:05:00,False
24673610941,2025-01-24 15:54:00,True
24729704155,2024-07-30 10:53:00,False
24836476652,2024-10-04 12:03:00,False
2488001,2025-03-20 10:39:00,False
25132601303,2024-12-11 16:13:00,False
25308186556,2024-09-05 09:12:00,False
25428234717,2024-08-05 10:12:00,False
2558,2024-12-13 13:48:00,False
25585921477,2024-08-06 09:20:00,False
25587890929,2024-09-26 10:31:00,False
2568,2025-01-09 16:36:00,False
2573,2025-01-31 10:26:00,False
25775066105,2024-08-30 13:26:00,False
25807744233,2024-09-19 11:28:00,False
25808767706,2024-09-10 16:52:00,False
2592,2024-10-01 15:44:00,False
25992164038,2024-11-22 16:44:00,False
26195566526,2024-08-13 12:04:00,False
26218317780,2024-08-06 14:12:00,False
26219653330,2024-12-12 10:52:00,False
26256481782,2025-01-14 08:25:00,False
26301,2024-06-26 11:38:00,False
2639351,2024-08-29 15:17:00,False
26653707991,2025-02-17 17:00:00,False
26942586043,2024-11-13 15:44:00,False
26962797009,2024-09-06 09:48:00,False
27135154139,2024-08-06 09:20:00,False
27518608318,2024-08-23 12:34:00,False
2755,2024-12-19 10:19:00,False
27576388818,2025-01-31 15:50:00,False
276487805133,2025-01-24 16:07:00,False
2801,2024-07-12 10:23:00,False
283058933953,2024-12-11 12:27:00,False
285215887599,2025-02-28 15:02:00,False
287006622915,2024-11-02 16:55:00,False
287433378024,2025-01-16 12:14:00,False
28774624740,2024-10-22 11:18:00,False
2884,2024-12-23 10:39:00,False
289203802305,2024-10-04 13:12:00,False
29614448079,2024-09-13 12:45:00,False
2968901,2024-06-24 12:32:00,False
29877218779,2024-11-21 14:48:00,False
3003,2024-09-02 14:31:00,False
3040,2025-01-29 10:49:00,False
3041,2025-01-29 10:50:00,False
307070187766,2024-07-15 10:38:00,False
30821797359,2025-02-14 16:45:00,False
30880223168,2025-01-10 12:04:00,False
30897957585,2024-09-17 12:09:00,False
30916344047,2024-10-10 14:46:00,False
310118115574,2024-10-04 14:17:00,False
31071271641,2024-11-06 17:14:00,False
310946667729,2024-11-08 14:55:00,False
311447786713,2024-06-17 11:11:00,False
3128,2024-11-08 10:34:00,False
31330425581,2024-10-15 13:42:00,False
31332679409,2024-11-05 11:39:00,False
31333588938,2024-09-24 14:35:00,False
31336802281,2024-08-26 12:12:00,False
31382073028,2024-08-22 14:59:00,False
31393469169,2024-10-11 13:29:00,False
3144,2024-10-09 15:47:00,False
31560408056,2024-10-14 16:13:00,False
31573450176,2024-10-03 15:57:00,False
31589722811,2024-11-07 10:32:00,False
31724295892,2024-10-03 16:39:00,False
32011339001,2024-08-30 16:51:00,False
32108096450,2024-10-04 15:35:00,False
32270638818,2024-08-30 09:18:00,False
32520451542,2024-07-10 09:58:00,False
32730996922,2024-09-26 10:12:00,False
32841400301,2024-11-18 09:27:00,False
32874270650,2024-09-04 12:18:00,False
33187098565,2024-11-06 15:21:00,False
33283058630,2024-09-10 16:54:00,False
33297227986,2024-11-06 17:22:00,False
33311988472,2024-09-26 09:39:00,False
33336253927,2025-01-14 11:17:00,False
33475925463,2025-02-04 16:41:00,False
334851,2024-10-25 11:20:00,False
33492466903,2024-11-02 16:21:00,False
33507478508,2024-09-26 13:18:00,False
33520243178,2025-02-26 15:44:00,False
33707137753,2024-09-07 15:50:00,False
33754886121,2024-12-23 14:37:00,False
33881968826,2025-02-03 09:14:00,False
33913795264,2024-09-13 17:15:00,False
33955353788,2024-09-10 12:29:00,False
34227065581,2025-01-07 13:54:00,False
3470501,2025-01-09 17:01:00,False
351,2025-02-05 10:38:00,False
35152270834,2024-10-15 13:50:00,False
35288388317,2024-09-19 15:16:00,False
35288396774,2025-03-26 14:49:00,False
35296287691,2024-11-22 16:45:00,False
35306696652,2024-09-13 12:57:00,False
35306715336,2025-01-29 09:04:00,False
35551492821,2025-01-09 16:36:00,False
35653448634,2024-10-15 13:12:00,False
3575952,2024-09-10 12:59:00,False
35764354542,2024-09-18 12:27:00,False
35888242369,2024-09-18 09:15:00,False
36091919095,2024-09-16 10:51:00,False
36091922670,2024-09-19 10:23:00,False
36126300388,2024-09-20 12:30:00,False
36170217424,2024-10-16 13:35:00,False
36491739363,2024-10-08 14:57:00,False
36572866798,2024-11-02 16:22:00,False
36817808089,2025-01-09 16:50:00,False
3685201,2024-09-18 12:08:00,False
37342868413,2024-11-05 11:02:00,False
37421904587,2024-12-16 15:51:00,False
37682095079,2024-10-03 14:05:00,False
37981923063,2024-12-17 18:22:00,False
38139271141,2025-03-25 16:28:00,False
3822314193,2024-09-20 15:28:00,False
38435696103,2024-10-31 15:01:00,False
38471814872,2025-02-05 16:29:00,False
3850,2024-10-04 13:05:00,False
38525686478,2024-10-15 13:18:00,False
38533329091,2024-09-25 09:50:00,False
38577617856,2025-02-04 11:49:00,False
38780012481,2024-09-30 16:49:00,False
38856808156,2024-09-30 16:46:00,False
38860811215,2024-09-27 15:53:00,False
38916026821,2025-01-02 14:42:00,False
39119988671,2025-03-27 15:59:00,False
39263214826,2024-11-18 09:09:00,False
3972,2025-03-12 16:15:00,False
3973,2025-04-03 11:02:00,False
39808392913,2024-12-23 13:13:00,False
39812975095,2024-12-26 13:18:00,False
40113445853,2024-11-04 15:45:00,False
40113446643,2024-11-06 14:53:00,False
40113478871,2025-02-05 11:10:00,False
40150745307,2024-11-04 11:13:00,False
40263847902,2024-11-06 12:08:00,False
40348998646,2024-09-30 16:43:00,False
4039,2025-01-29 12:17:00,False
40410336984,2024-11-08 15:20:00,False
405279028430,2025-03-13 15:26:00,False
405351,2024-07-25 14:18:00,False
40586233032,2024-10-15 15:19:00,False
4072551,2024-07-19 13:56:00,False
40754303193,2024-10-02 10:39:00,False
40959333101,2024-10-25 11:04:00,False
4098576625,2024-06-17 11:41:00,False
4108201,2024-08-01 12:26:00,False
4108408,2024-12-18 15:49:00,False
4108510,2024-07-24 15:10:00,False
41236105453,2024-11-30 14:26:00,False
41256682199,2024-11-26 13:44:00,False
41335091642,2024-11-06 17:25:00,False
41356610542,2024-10-17 10:46:00,False
413828613314,2025-02-05 10:40:00,False
4146863296,2024-06-16 15:04:00,False
4157751,2025-03-26 15:28:00,False
41592437737,2024-11-06 09:52:00,False
4163151,2024-06-17 14:15:00,False
41721752809,2024-11-20 09:37:00,False
41721773049,2024-10-08 14:50:00,False
42055967472,2024-10-16 13:35:00,False
42056008175,2024-10-09 12:23:00,False
42082772204,2024-10-21 15:39:00,False
4268,2024-07-10 15:43:00,False
42713987315,2025-02-04 12:33:00,False
42744404971,2024-11-07 10:52:00,False
42745301496,2024-11-22 12:55:00,False
42747088851,2024-11-05 10:22:00,False
42807610360,2025-01-17 09:20:00,False
429052414150,2025-03-12 17:33:00,False
430,2024-08-30 15:21:00,False
43051524545,2024-10-25 10:56:00,False
43082429935,2024-10-07 12:26:00,False
4313952,2024-06-26 15:21:00,False
4322047214,2024-06-17 11:47:00,False
433,2024-12-05 13:31:00,False
43409079795,2024-10-16 13:59:00,False
43468713430,2024-10-21 15:38:00,False
4369201,2024-07-17 10:19:00,False
44137196522,2025-01-09 16:02:00,False
44186424511,2024-10-31 15:34:00,False
44199900377,2025-01-29 10:46:00,False
442,2024-07-26 16:23:00,False
44224631492,2024-11-06 17:24:00,False
4428,2025-01-02 16:11:00,False
44291630828,2024-10-24 13:06:00,False
44339282129,2024-11-28 16:22:00,False
44587535313,2024-10-16 14:19:00,False
447,2024-07-31 10:49:00,False
44817698532,2024-10-10 12:19:00,False
44863505385,2024-11-18 14:53:00,False
44949496801,2024-10-15 13:22:00,False
44949566680,2024-10-29 14:44:00,False
4497,2024-07-31 12:19:00,False
44976486591,2024-11-18 15:33:00,False
45062750195,2024-10-17 13:59:00,False
45062774208,2025-01-29 10:47:00,False
45329315786,2024-12-23 13:14:00,False
455471361211,2024-11-14 15:58:00,False
4555833842,2024-06-11 17:31:00,False
45576020955,2025-01-31 10:49:00,False
45601832153,2024-11-25 16:21:00,False
45655352780,2024-11-12 09:31:00,False
4574396,2025-02-08 14:28:00,False
4574562,2024-10-03 14:16:00,False
4574923,2025-03-26 14:45:00,False
4574947,2024-07-14 14:28:00,False
4575033,2024-07-15 10:36:00,False
4575040,2024-07-12 10:08:00,False
4575056,2024-12-09 09:09:00,False
4575746,2024-11-22 15:37:00,False
4576553,2025-01-09 16:49:00,False
4577008,2024-09-02 14:29:00,False
4579851,2025-02-08 14:36:00,False
4583903,2024-10-07 10:08:00,False
4584551,2024-10-08 16:04:00,False
4610,2025-01-15 15:17:00,False
463001,2025-02-08 10:57:00,False
46344038844,2024-10-15 13:21:00,False
46399140809,2024-11-19 09:39:00,False
46402915044,2024-11-15 09:55:00,False
4661,2024-07-08 11:51:00,False
46634377942,2024-11-06 17:16:00,False
46723261647,2024-12-09 17:13:00,False
46802593234,2024-11-06 13:10:00,False
47074902471,2025-02-24 14:23:00,False
47099428034,2024-10-21 15:26:00,False
47122424530,2024-11-15 10:04:00,False
47322301669,2024-11-22 12:59:00,False
4737454797,2024-10-18 12:27:00,False
4738056129,2024-10-19 11:03:00,False
4770701,2025-01-20 16:50:00,False
4770851,2024-06-17 11:11:00,False
4771301,2024-07-24 15:06:00,False
4802,2024-10-02 14:16:00,False
4825,2025-01-03 15:46:00,False
4832,2024-09-26 16:41:00,False
4841,2024-12-23 13:15:00,False
4846,2024-08-23 14:31:00,False
4903,2024-11-07 14:40:00,False
4929,2024-10-22 17:21:00,False
4937,2024-12-04 14:42:00,False
4939,2024-06-17 13:23:00,False
4942,2024-12-17 11:53:00,False
49505019078,2025-01-23 15:48:00,False
4951351,2024-11-18 09:16:00,False
4961,2024-11-18 09:27:00,False
4961502,2024-06-17 11:17:00,False
4980,2025-01-15 15:19:00,False
4993,2024-11-21 11:51:00,False
50118853858,2024-12-20 16:04:00,False
5024,2024-09-18 14:10:00,False
5044,2025-01-29 11:44:00,False
5068,2024-11-18 09:17:00,False
5069,2024-12-31 11:03:00,False
50829316332,2025-01-16 09:23:00,False
5100,2024-06-24 11:46:00,False
51308332220,2024-11-18 09:37:00,False
51517954294,2025-02-05 11:09:00,False
5186001,2024-07-01 09:20:00,False
5202,2024-10-25 10:24:00,False
52049835238,2025-02-17 16:43:00,False
5277851,2025-03-25 16:49:00,False
5304901,2024-11-06 17:17:00,False
5320703685,2024-11-27 10:53:00,False
5343451,2025-01-29 10:59:00,False
5346,2024-12-09 13:12:00,False
5360,2024-07-25 14:09:00,False
53728690424,2024-12-23 14:36:00,False
5375,2025-01-31 10:50:00,False
5393,2025-02-24 11:10:00,False
5399801,2024-09-10 10:39:00,False
5420,2024-11-18 09:35:00,False
5424,2025-01-29 10:47:00,False
542631785668,2024-12-23 13:14:00,False
5446,2024-12-20 16:07:00,False
55001,2024-12-02 17:49:00,False
563210707173,2024-10-29 13:56:00,False
5769,2024-12-28 12:31:00,False
5773,2025-02-17 16:22:00,False
5785,2025-01-02 15:55:00,False
5788,2024-07-16 10:13:00,False
57951,2024-07-04 15:18:00,False
581801,2024-12-10 17:38:00,False
582751,2024-07-19 15:18:00,False
584001,2025-03-31 16:21:00,False
5855792573,2024-11-19 12:37:00,False
591885149432,2025-01-15 16:27:00,False
6052,2024-11-26 15:08:00,False
6127,2024-06-17 14:11:00,False
6136,2024-11-18 10:43:00,False
6155,2024-12-23 11:12:00,False
6174,2025-02-19 09:58:00,False
6187,2025-03-31 10:04:00,False
6193,2024-09-12 09:26:00,False
6304,2025-03-20 15:42:00,False
6308482241,2024-06-26 10:38:00,False
6316644580,2024-08-06 15:53:00,False
6558,2024-09-05 10:05:00,False
6559282911,2024-09-18 09:20:00,False
6571,2025-01-17 09:21:00,False
658901,2024-07-26 15:59:00,False
6596,2025-03-13 15:15:00,False
6598,2024-12-06 11:03:00,False
6602,2024-09-03 10:38:00,False
67151,2024-06-27 11:16:00,False
6860,2025-01-31 10:34:00,False
687201,2024-10-10 15:47:00,False
6880,2024-08-28 15:52:00,False
6893,2024-08-06 09:32:00,False
7003,2025-01-02 15:03:00,False
7004,2024-08-28 11:16:00,False
70123999438,2025-02-20 16:04:00,False
70222496999,2024-12-09 14:26:00,False
7051,2025-02-17 16:33:00,False
707151,2024-11-18 09:48:00,False
709404,2024-08-28 09:45:00,False
709417,2024-11-19 17:27:00,False
709657,2025-03-07 14:45:00,False
710067,2025-01-06 12:58:00,False
710726,2024-11-07 14:27:00,False
710903,2025-01-20 12:15:00,False
710905,2024-11-22 10:56:00,False
711162,2024-09-13 12:52:00,False
711635,2024-12-24 09:44:00,False
7117,2024-11-19 13:25:00,False
711806,2024-06-26 11:00:00,False
711808,2024-07-10 14:04:00,False
712251,2025-01-24 16:00:00,False
712553,2024-12-02 11:41:00,False
7126,2025-02-17 11:16:00,False
712779,2024-10-31 14:02:00,False
71332936922,2024-11-06 17:17:00,False
713585,2025-03-31 16:20:00,False
713862,2024-06-21 16:49:00,False
7138930880,2025-01-21 09:47:00,False
714085,2024-11-06 15:14:00,False
7143,2024-11-08 16:17:00,False
714571,2024-09-16 10:53:00,False
7148,2025-02-05 09:54:00,False
714910,2024-11-07 12:11:00,False
715048,2024-08-06 15:17:00,False
715468,2024-10-22 17:26:00,False
715470,2025-03-21 14:55:00,False
71581313231,2024-10-22 14:24:00,False
71588942073,2024-12-03 10:12:00,False
715903,2025-01-03 10:09:00,False
716301,2024-11-19 09:50:00,False
716309,2025-01-03 10:10:00,False
717,2024-12-05 11:02:00,False
71773702355,2024-11-22 10:39:00,False
718260,2025-02-05 11:24:00,False
719302,2024-11-28 11:04:00,False
722304,2024-08-20 12:51:00,False
722610,2024-11-27 10:56:00,False
722896,2024-07-27 10:10:00,False
723269,2024-06-17 14:46:00,False
723554,2025-01-20 16:53:00,False
723579,2024-11-04 16:11:00,False
723590,2024-11-22 12:56:00,False
723801,2025-01-29 15:33:00,False
7246407386,2024-09-21 10:26:00,False
724642,2024-07-24 15:13:00,False
724757,2024-12-12 13:32:00,False
725319,2025-01-09 16:39:00,False
725419,2025-02-04 16:35:00,False
7255,2025-02-04 16:34:00,False
725678,2024-08-28 15:50:00,False
7258,2024-07-01 12:50:00,False
7259,2024-06-27 14:43:00,False
726284,2025-01-23 11:20:00,True
726319,2025-02-17 16:54:00,True
726615,2024-06-11 17:28:00,False
726759,2025-03-26 14:44:00,False
7274031343,2024-06-17 11:13:00,False
7275,2024-11-22 12:54:00,False
727773,2024-10-25 11:02:00,False
727827,2024-06-18 09:19:00,False
727848,2025-02-22 14:18:00,False
727919,2025-02-17 16:35:00,False
727950,2025-02-14 14:09:00,False
72798631099,2024-11-13 16:04:00,False
728474,2025-03-28 16:21:00,False
728538,2025-03-12 10:36:00,False
728739,2025-03-31 14:15:00,False
728806,2025-02-18 16:15:00,False
728849,2025-02-05 10:44:00,False
729355,2024-11-27 15:53:00,False
729372,2024-08-06 09:24:00,False
729419,2024-12-11 11:30:00,False
729685,2024-06-24 14:42:00,False
7297,2025-03-13 15:43:00,False
7298,2024-09-10 15:41:00,False
731151,2024-10-04 11:39:00,False
7315,2025-02-19 10:02:00,False
7331,2025-02-04 15:55:00,False
7355,2024-12-09 17:21:00,False
73656081634,2024-12-11 12:02:00,False
73677263094,2024-11-02 10:12:00,False
73815020764,2024-12-26 11:13:00,False
7390,2024-10-05 14:32:00,False
7394,2024-09-26 14:49:00,False
7409,2024-07-09 12:28:00,False
7416,2024-06-24 12:17:00,False
7422,2024-06-24 16:59:00,False
7428,2025-01-24 15:47:00,False
74301351150,2025-03-20 09:36:00,False
7444,2024-09-23 14:16:00,False
74538681588,2024-12-26 10:57:00,False
748101,2025-01-22 14:48:00,False
75118726361,2024-11-06 17:28:00,False
7514,2024-12-23 12:36:00,False
7522,2024-12-14 15:10:00,False
7526,2024-07-03 09:55:00,False
7534,2024-11-21 11:16:00,False
75344891076,2024-12-03 10:15:00,False
7535,2024-12-18 15:53:00,False
7542,2024-07-02 14:23:00,False
7545,2025-01-09 16:37:00,False
7567726551,2024-07-03 17:28:00,False
7607,2025-02-06 16:19:00,False
76177972455,2025-02-05 11:30:00,False
7643,2025-04-03 10:55:00,False
7720,2024-11-28 09:23:00,False
7726,2024-06-27 10:16:00,False
7738,2024-09-26 10:24:00,False
7742,2024-08-08 09:57:00,False
7780,2024-08-26 10:21:00,False
77855875298,2025-02-05 11:28:00,False
7792,2024-07-11 10:48:00,False
79057224924,2024-11-22 16:46:00,False
7940,2024-10-04 13:41:00,False
7974,2024-08-20 10:03:00,False
79878941935,2024-11-14 14:34:00,False
7992,2024-09-26 11:10:00,False
80051,2024-08-23 14:55:00,False
8007,2024-09-19 11:00:00,False
80158107888,2024-12-03 10:13:00,False
8052,2024-10-22 12:11:00,False
8101072102,2025-02-28 15:50:00,True
81451,2025-02-20 16:05:00,False
8146,2024-10-29 09:02:00,False
81497187516,2025-02-08 14:25:00,False
81653,2025-02-11 16:03:00,False
8171,2024-08-06 09:23:00,False
81735871724,2025-01-03 15:51:00,False
81744162029,2025-03-28 09:22:00,False
81795157208,2025-01-03 15:49:00,False
81800163543,2025-01-24 13:01:00,False
81802858709,2024-12-20 16:08:00,False
8182,2024-07-15 10:42:00,False
8197,2024-08-02 10:17:00,False
8323,2024-12-27 16:07:00,False
8347,2024-09-10 16:53:00,False
8352,2025-02-19 09:53:00,False
8364251355,2024-08-26 12:10:00,False
8367,2024-06-29 14:15:00,False
8369,2024-12-13 12:05:00,False
8376,2025-03-14 16:49:00,False
8398,2024-12-17 12:00:00,False
8485,2024-06-11 12:20:00,False
8494,2024-11-07 09:25:00,False
8564,2024-11-20 10:10:00,False
857,2025-03-20 15:39:00,False
8577,2024-08-30 16:53:00,False
8603,2024-11-22 12:52:00,False
8609,2024-12-10 16:53:00,False
87342535900,2024-11-20 09:11:00,False
880,2025-01-31 10:28:00,False
881,2025-02-04 16:21:00,False
88128360682,2025-01-24 15:44:00,False
888,2025-01-16 09:53:00,False
88883326168,2024-12-27 09:40:00,False
88954501362,2025-02-20 15:51:00,False
89195075811,2024-12-16 15:02:00,False
89223166173,2025-01-24 13:01:00,False
896,2024-06-27 16:35:00,False
9006809576,2024-07-12 15:36:00,False
9007496172,2024-07-19 15:16:00,False
9007858394,2024-07-24 15:04:00,False
9007859136,2024-07-18 12:57:00,False
9018636502,2024-06-17 14:29:00,False
9023783388,2024-07-24 15:07:00,False
9024506583,2024-07-01 15:33:00,False
90415800560,2024-11-07 15:12:00,False
90534748407,2025-01-02 16:06:00,False
909768,2024-06-28 13:44:00,False
909778,2024-08-30 10:36:00,False
909785,2025-02-04 10:40:00,False
909856,2024-11-26 12:10:00,False
909895,2025-01-08 10:53:00,False
910614,2024-12-20 16:04:00,False
910625,2024-07-15 10:42:00,False
910627,2025-02-28 15:53:00,False
910633,2024-08-23 11:14:00,False
910736,2024-10-11 15:07:00,False
910748,2024-07-01 12:44:00,False
910787,2024-10-22 12:57:00,False
910942,2024-07-15 10:39:00,False
911016,2024-10-01 14:20:00,False
911026,2024-07-24 15:55:00,False
911027,2025-02-17 16:34:00,False
911089,2024-11-30 17:01:00,False
911092,2025-03-26 10:56:00,False
911166,2024-08-19 14:19:00,False
911180,2024-12-05 09:08:00,False
911184,2024-08-10 15:15:00,False
911375,2025-02-11 12:59:00,False
911601,2024-07-08 14:08:00,False
911756,2024-11-02 16:53:00,False
911928,2025-02-08 14:30:00,False
912102,2024-12-10 16:54:00,False
912186,2024-12-03 10:17:00,False
912203,2024-07-18 10:36:00,False
912215,2025-02-05 11:26:00,False
912252,2024-09-30 16:37:00,False
912272,2024-10-08 15:16:00,False
912803,2025-01-14 17:56:00,False
912805,2024-07-17 11:59:00,False
91521050858,2024-12-04 11:08:00,False
916801,2024-12-06 16:13:00,False
916806,2024-07-04 11:33:00,False
916807,2024-06-19 12:51:00,False
916903,2024-06-19 14:50:00,False
916909,2024-06-11 17:26:00,False
917103,2024-07-04 12:03:00,False
917160,2025-04-03 15:02:00,True
917202,2024-08-28 15:59:00,False
917206,2025-03-13 10:16:00,False
92267146455,2024-11-29 16:17:00,False
9237258727,2024-07-24 15:00:00,False
9237949118,2024-06-11 17:31:00,False
9237949121,2025-01-20 16:52:00,False
9241679855,2025-03-13 16:19:00,False
9246572525,2025-03-06 09:28:00,False
9247438275,2025-03-07 14:50:00,False
92545710322,2024-11-28 14:20:00,False
9269745638,2025-01-24 16:08:00,False
948601,2024-12-09 17:16:00,False
949651,2024-12-17 12:03:00,False
96887382240,2025-02-11 09:46:00,False
96939101415,2024-12-12 14:34:00,False
97214937280,2024-12-28 09:19:00,False
9803,2024-11-26 15:05:00,False
9852,2025-02-05 10:45:00,False
993451,2024-09-13 17:16:00,False
