contact_id,date_souscription
100167913669,2024-11-22 16:41:00
100214647001,2025-01-29 10:50:00
1003,2025-01-17 14:55:00
1004,2024-07-15 10:42:00
100720228574,2025-03-07 14:42:00
101530181878,2025-01-15 16:21:00
10166590169,2024-07-19 09:30:00
102377837790,2025-01-21 13:01:00
10287665363,2024-06-21 14:27:00
10296037111,2024-06-28 10:59:00
10304352502,2024-06-21 16:00:00
1030851,2024-09-05 13:19:00
10364698081,2024-12-23 14:34:00
10440074944,2024-11-30 16:57:00
10441166034,2024-06-17 11:15:00
10442106853,2024-12-10 13:44:00
104909008060,2025-01-02 14:41:00
10500858584,2024-10-22 13:42:00
10527243477,2025-02-04 09:47:00
105331805427,2025-01-09 16:19:00
1057801,2024-11-05 16:16:00
1067,2025-02-04 16:10:00
107247123648,2024-12-23 14:26:00
10727911666,2024-07-03 13:24:00
10812487384,2024-06-12 11:39:00
1081651,2025-03-26 14:44:00
1081653,2024-12-20 16:07:00
1081701,2025-03-31 16:14:00
1081712,2024-08-26 11:59:00
1081753,2024-12-23 14:33:00
1081770,2025-03-17 15:19:00
1081771,2024-07-25 09:36:00
1081772,2024-06-18 14:37:00
1081806,2024-07-02 09:18:00
1081909,2024-07-05 10:02:00
1081952,2025-01-24 16:19:00
1082003,2025-03-28 15:53:00
1082107,2025-03-17 15:21:00
1082151,2025-02-17 16:37:00
108222530771,2024-12-21 14:35:00
10845966795,2024-07-11 09:57:00
10861585369,2024-12-23 14:24:00
1087,2024-07-03 16:44:00
10875471348,2024-10-25 14:10:00
1089,2024-06-17 12:23:00
1090,2025-03-20 15:59:00
109257849053,2025-01-10 14:58:00
10959980783,2024-06-17 12:22:00
110171330778,2025-02-11 16:14:00
11017564358,2024-06-17 11:49:00
110407023812,2025-01-29 15:12:00
110489644220,2025-02-20 15:49:00
110967156925,2025-01-28 14:18:00
111128270022,2024-12-10 13:46:00
111128277236,2024-12-11 12:54:00
1113151,2024-09-30 15:30:00
111333942482,2025-02-27 12:16:00
1113454,2024-12-19 11:16:00
1113487,2024-08-23 14:49:00
111429512393,2025-01-24 12:49:00
111461679294,2024-12-16 13:10:00
111472173243,2024-12-27 16:06:00
11179052793,2025-01-31 10:37:00
11193069294,2024-08-02 14:07:00
111955838179,2025-01-11 11:42:00
112109754580,2025-01-09 16:04:00
112319395065,2024-12-09 17:20:00
112888960224,2025-02-19 09:45:00
113638259906,2024-12-23 14:28:00
113755826414,2025-01-24 15:41:00
113772251356,2025-01-09 16:59:00
113854249152,2025-01-06 14:31:00
114422797555,2024-12-18 17:39:00
11504885228,2024-09-21 10:27:00
11505304811,2024-12-14 14:14:00
115883576540,2025-01-24 12:53:00
115949959380,2025-01-02 11:59:00
116031901931,2024-12-05 10:16:00
116041948395,2024-12-09 17:02:00
1160651,2025-01-09 16:41:00
116119015622,2025-01-06 10:06:00
116299034860,2025-02-04 11:31:00
116299037923,2024-12-13 11:15:00
11658097633,2024-11-26 13:21:00
11669744626,2024-07-08 10:17:00
1170,2024-12-12 15:17:00
11707152613,2024-07-26 15:37:00
117094363331,2024-12-24 10:20:00
1171,2024-10-29 15:09:00
117114367215,2024-12-27 16:04:00
117256392934,2025-01-15 14:49:00
117380702428,2025-02-19 10:18:00
1176,2024-12-12 15:17:00
1179411,2024-08-28 11:18:00
1180,2025-02-04 16:40:00
118208427225,2025-02-17 16:34:00
1182901,2024-12-23 14:23:00
1184,2024-09-18 12:01:00
118485424336,2025-02-26 16:22:00
118627195121,2025-01-24 12:56:00
118651230444,2024-12-12 14:35:00
1199,2024-11-19 12:36:00
120216111338,2025-01-23 16:41:00
12060159190,2024-06-24 16:32:00
120850475233,2025-01-02 16:10:00
121010516207,2024-12-18 16:03:00
121251,2024-07-19 09:31:00
121291005132,2025-02-22 14:41:00
121779094761,2025-01-15 15:34:00
1226551,2024-10-03 09:12:00
1236351,2025-01-24 15:59:00
123699430587,2024-12-16 13:18:00
123699445953,2024-12-23 14:24:00
123699453124,2024-12-16 14:54:00
123699460335,2024-12-16 14:56:00
1237451,2024-06-11 16:35:00
1237551,2024-09-12 15:35:00
1237653,2024-06-28 15:24:00
1237656,2024-11-05 15:22:00
1237801,2024-10-16 11:08:00
1237851,2024-09-06 11:42:00
1242351,2024-06-18 12:02:00
124694506713,2024-12-27 16:04:00
124713347290,2025-01-15 16:26:00
12490686659,2024-10-04 14:28:00
1249951,2024-10-16 14:48:00
1250551,2024-06-30 17:41:00
1254001,2024-11-15 09:52:00
126146148570,2025-01-09 16:32:00
1263551,2024-10-10 15:46:00
126370460870,2024-12-16 14:56:00
126414675183,2024-12-18 15:50:00
1264301,2024-11-26 15:38:00
126768758986,2025-01-09 16:23:00
126934172909,2024-12-13 11:30:00
127660554480,2024-12-23 14:23:00
127851662529,2025-04-03 10:56:00
128796038358,2024-12-27 16:10:00
1288301,2025-01-20 15:23:00
128869822713,2025-02-05 10:45:00
128907155648,2025-01-17 13:41:00
128981113050,2025-01-24 15:53:00
128995476726,2025-03-24 14:40:00
129090372827,2025-01-02 12:04:00
129249718500,2025-01-24 15:58:00
12973759694,2024-06-27 09:20:00
129774530764,2025-01-31 10:35:00
12989372910,2024-08-30 15:17:00
129912423631,2025-01-15 16:15:00
130051868877,2025-01-14 16:00:00
130085775589,2025-01-29 10:10:00
130214156501,2025-01-15 16:09:00
1308301,2025-03-28 16:23:00
1309,2024-12-13 10:57:00
130983475423,2025-03-17 15:23:00
131057360077,2025-01-24 16:15:00
131064657143,2025-01-03 15:53:00
131093905612,2025-02-17 10:04:00
1312851,2024-07-01 14:34:00
1314501,2025-02-04 16:45:00
131908565225,2024-12-27 16:06:00
13215080665,2024-11-13 15:47:00
1323451,2025-02-04 16:13:00
132658693351,2024-12-20 16:24:00
132658695399,2025-02-05 10:42:00
13267456505,2025-01-20 16:50:00
13276979397,2024-06-17 11:02:00
1330101,2025-02-08 12:05:00
133257742526,2025-01-15 16:13:00
1337254,2024-07-31 17:31:00
134,2024-11-15 11:19:00
134248584410,2025-03-20 16:12:00
134248664254,2024-12-27 15:36:00
134248665311,2025-01-31 10:36:00
134248697025,2024-12-28 15:32:00
134249004243,2025-01-09 16:13:00
13429426680,2024-12-04 14:29:00
1346,2024-11-05 11:05:00
13464954327,2024-06-17 11:07:00
134765706429,2025-02-05 10:17:00
1348551,2024-12-20 16:17:00
135219705041,2025-02-08 14:13:00
135565988080,2024-12-24 09:16:00
135565995239,2025-01-09 16:46:00
135566002370,2024-12-23 14:37:00
135645342941,2025-03-17 15:22:00
135759843519,2024-12-23 14:38:00
135759854833,2024-12-23 14:31:00
135762367691,2024-12-23 14:31:00
135762376941,2024-12-23 14:32:00
135834054877,2025-01-03 15:47:00
135834069202,2024-12-23 14:32:00
135959315677,2024-12-23 14:38:00
135959320775,2025-01-10 09:10:00
135959329983,2024-12-23 14:44:00
1362201,2024-10-10 15:48:00
136974528756,2025-01-02 16:40:00
137012740329,2024-12-26 10:39:00
137207304383,2025-03-13 16:05:00
137310388426,2025-01-29 10:52:00
137361525981,2025-01-15 15:59:00
137361526990,2025-02-04 16:23:00
137776268523,2025-01-27 11:30:00
137839270093,2025-01-02 16:13:00
137839272141,2025-01-02 16:14:00
137839277260,2025-01-02 16:15:00
137839280371,2025-01-02 16:39:00
137839297722,2025-01-02 16:46:00
137839298767,2025-01-31 10:31:00
137839299784,2025-02-25 15:16:00
137863686337,2025-02-17 09:28:00
137863693510,2025-01-24 12:59:00
137863713991,2025-01-02 16:13:00
137863728341,2025-01-02 16:39:00
137863731441,2025-01-09 16:43:00
137863733483,2025-01-02 16:44:00
137863737548,2025-01-02 16:44:00
137863739601,2025-01-02 16:45:00
137863837896,2025-01-03 15:56:00
1392350,2025-01-14 11:56:00
1394073,2024-09-10 12:59:00
1394632,2025-01-24 15:43:00
1394654,2024-12-11 10:35:00
1394676,2025-03-13 15:42:00
1394933,2024-09-20 15:20:00
1395048,2025-02-17 16:29:00
1395163,2025-03-07 14:53:00
1395562,2024-09-12 17:36:00
1396426,2024-06-14 14:13:00
1396748,2024-09-12 15:35:00
1397351,2024-12-14 11:48:00
1397387,2024-07-03 16:57:00
1397509,2024-12-18 13:01:00
1397563,2025-01-24 16:39:00
1398507,2025-01-17 11:30:00
1398726,2024-07-31 14:49:00
1400051,2025-01-24 12:56:00
1400061,2024-06-26 15:51:00
1400279,2024-07-23 14:33:00
1401148,2025-01-15 10:38:00
140178581704,2025-01-09 10:31:00
1402395,2024-06-13 11:03:00
1406496,2024-08-04 11:16:00
1409007,2025-01-03 13:00:00
14105193205,2024-11-05 17:07:00
14120549334,2024-07-08 13:48:00
1412671,2025-03-21 14:53:00
1412718,2024-12-26 12:55:00
1412733,2025-03-12 16:09:00
1413689,2024-06-11 16:07:00
1415431,2024-12-03 10:38:00
1418551,2025-03-11 11:59:00
143073526991,2024-12-26 15:38:00
143815468234,2025-01-24 14:13:00
14459224555,2024-06-10 13:11:00
145042639080,2025-02-04 16:13:00
146981951675,2025-01-28 17:33:00
147150208223,2025-01-09 16:42:00
147248550092,2025-01-09 16:43:00
147475174642,2025-01-09 16:40:00
147573284058,2025-02-04 16:05:00
147833927871,2025-01-02 11:01:00
147833950453,2025-01-13 14:36:00
14851267304,2024-07-30 11:00:00
149043191008,2025-01-15 16:20:00
149851702462,2025-02-17 10:04:00
150959681741,2025-01-30 16:03:00
15130353882,2024-06-25 14:13:00
151535689938,2025-01-24 16:13:00
151562538219,2025-03-27 15:55:00
151651121340,2025-01-15 16:18:00
151787369715,2025-03-26 14:49:00
1523,2024-11-02 16:26:00
1528,2024-07-15 10:48:00
15297732560,2024-06-27 11:47:00
15311806923,2024-07-08 13:52:00
15315464927,2024-06-26 12:32:00
15315840459,2024-07-09 11:39:00
1540,2024-08-29 15:14:00
155086935264,2025-02-03 14:12:00
1552,2024-10-29 12:18:00
1552851,2024-07-06 11:47:00
155385063657,2025-03-31 10:05:00
15632845290,2024-06-17 10:56:00
156478402760,2025-02-12 15:51:00
15666045385,2024-11-29 12:36:00
156660843747,2025-02-19 10:00:00
156711767239,2025-03-06 12:33:00
15674278097,2025-02-25 14:27:00
15674451133,2024-08-27 09:53:00
15675283940,2024-06-11 16:09:00
15675485668,2024-10-15 13:10:00
1569701,2024-07-30 16:11:00
157278136523,2025-01-20 12:17:00
157841621217,2025-01-29 10:45:00
1580,2024-07-31 12:20:00
15829302763,2024-06-27 10:12:00
158433904836,2025-02-08 14:29:00
15855734977,2024-08-30 14:01:00
158773121248,2025-01-29 11:58:00
158832411862,2025-02-17 16:31:00
159489401071,2025-01-29 12:03:00
159489407189,2025-01-17 10:50:00
159663895758,2025-02-04 16:09:00
159705723113,2025-01-17 11:26:00
159758533837,2025-02-19 10:22:00
159781996773,2025-03-31 16:17:00
159925650626,2025-01-24 16:18:00
16002213368,2024-07-10 10:16:00
160034640104,2025-03-06 09:31:00
160098110650,2025-01-31 11:18:00
160174755045,2025-02-03 16:17:00
1602451,2025-01-30 15:50:00
1608201,2024-12-09 15:24:00
161029817581,2025-02-20 15:49:00
1613,2024-10-21 12:49:00
16162045377,2024-06-19 10:24:00
1622901,2025-03-13 16:49:00
16251011281,2024-07-03 17:17:00
16252062197,2024-06-17 11:48:00
16258139125,2024-09-09 14:20:00
162751,2024-10-23 15:58:00
162964277466,2025-01-16 16:03:00
163246652642,2025-03-26 14:53:00
164056823019,2025-01-24 15:18:00
164072755420,2025-02-19 09:54:00
164117573837,2025-01-30 16:25:00
16446792660,2024-09-03 12:14:00
1652,2025-01-02 15:56:00
165618944244,2025-02-25 16:48:00
1662201,2025-01-28 12:50:00
166317948146,2025-01-29 12:01:00
166543356146,2025-01-24 16:06:00
166559737018,2025-02-06 16:10:00
1673801,2024-06-17 13:58:00
16815485376,2024-06-28 13:04:00
168418033855,2025-02-24 11:14:00
1685,2024-10-22 10:35:00
16851958988,2024-06-28 12:11:00
168549933304,2024-12-23 14:32:00
168549937401,2024-11-22 10:54:00
168549943492,2024-10-04 14:09:00
168549945553,2024-10-16 14:18:00
168549953752,2024-12-11 11:40:00
168554671318,2025-02-05 10:41:00
168554677473,2024-11-18 09:45:00
168554686676,2025-01-15 16:12:00
168554696908,2024-12-23 14:40:00
168554704080,2024-12-16 13:06:00
168554705141,2024-11-18 09:48:00
168554706133,2025-02-05 10:45:00
168554708202,2025-01-03 15:37:00
168554709223,2025-01-09 17:00:00
168554714349,2025-01-15 15:18:00
168554715372,2024-12-20 14:17:00
168554720461,2025-01-02 14:40:00
168554723534,2024-11-26 14:05:00
168554725604,2025-02-04 16:11:00
168554769629,2025-01-10 09:13:00
168554774722,2024-08-10 14:18:00
168554788057,2024-09-17 15:12:00
168554795219,2025-01-31 10:33:00
168554799337,2024-09-13 17:16:00
168554813626,2024-12-20 13:37:00
168554817759,2024-07-03 17:18:00
168554822885,2024-12-16 13:22:00
168554829049,2025-01-20 16:52:00
168554852548,2025-01-15 16:19:00
168554925275,2024-11-13 15:51:00
168554932427,2024-12-20 16:08:00
168554983633,2024-12-23 14:25:00
168555053289,2024-07-04 11:26:00
168555058379,2024-09-26 15:08:00
168559705330,2024-07-09 10:48:00
168559707326,2025-01-28 13:33:00
168559707357,2025-01-31 10:49:00
168559712458,2024-08-02 10:37:00
168559717621,2025-01-14 08:25:00
168559731959,2024-10-25 11:11:00
168566122745,2024-12-20 12:37:00
168573281518,2024-09-25 17:54:00
168573284552,2024-10-09 11:36:00
168573301966,2024-12-27 11:55:00
168573314235,2025-02-05 10:14:00
168577993941,2025-02-27 09:13:00
168578004200,2024-12-28 16:31:00
168578009327,2024-11-15 10:06:00
168614976700,2024-10-21 15:42:00
168614978806,2025-02-17 16:48:00
168615015635,2024-11-18 09:32:00
168622684382,2025-03-20 15:47:00
168649739471,2024-12-23 14:35:00
168649740514,2025-01-02 11:17:00
16891045093,2024-08-12 15:20:00
169169589495,2025-01-31 16:14:00
169207276743,2025-02-08 14:14:00
169235463380,2025-03-18 13:19:00
169241698519,2025-02-17 16:22:00
169461206212,2025-01-29 12:16:00
169461472483,2024-10-16 16:09:00
169461473496,2024-06-29 09:53:00
169461488861,2024-10-08 14:52:00
169461495009,2024-12-09 17:14:00
169461502158,2025-02-04 12:48:00
169461541093,2024-12-03 10:17:00
169561765052,2025-03-20 13:44:00
169999691991,2024-11-13 15:45:00
169999789257,2024-06-17 11:03:00
169999903951,2024-09-18 16:04:00
169999932649,2025-02-25 14:34:00
170000081137,2024-12-13 10:54:00
170000115945,2024-11-20 16:38:00
170000233692,2025-03-28 10:15:00
170000300268,2025-01-30 16:20:00
170079289539,2025-02-28 15:32:00
170112868595,2024-12-16 14:59:00
170112879843,2024-12-09 17:18:00
170119905492,2024-12-27 15:53:00
170242758905,2025-03-25 16:46:00
170242798796,2025-02-25 10:32:00
170270744815,2025-02-04 16:01:00
170309870838,2025-01-31 15:44:00
170495259889,2025-02-25 14:20:00
17071659225,2024-12-16 15:08:00
17074864121,2024-11-02 16:23:00
17077882331,2024-10-24 14:57:00
17078018519,2024-10-08 14:46:00
17078644690,2024-12-18 15:49:00
17082535132,2025-01-29 10:31:00
171084194036,2025-02-18 10:48:00
171130037464,2025-01-24 16:12:00
171134186721,2025-02-26 16:21:00
171195398334,2025-01-30 16:17:00
171374297292,2025-01-24 12:06:00
171474586862,2025-01-25 17:00:00
171867291844,2025-02-25 14:46:00
171867291868,2025-02-24 17:19:00
171867295971,2025-02-04 16:31:00
171867524341,2025-02-04 16:37:00
171944477882,2025-02-17 16:26:00
171966758099,2025-03-19 11:21:00
1723,2024-11-22 16:37:00
17261803245,2025-01-09 16:54:00
17261803470,2024-12-18 15:45:00
17261803709,2024-07-29 15:18:00
17283856377,2024-08-06 11:03:00
17283856833,2024-08-30 15:43:00
17283856836,2024-11-27 11:26:00
17283857093,2025-02-28 15:34:00
17295061437,2024-06-28 14:39:00
17295139823,2024-07-01 12:41:00
17295140062,2024-10-22 13:30:00
17295296954,2025-01-16 11:40:00
17295297220,2025-01-02 16:12:00
17295371755,2024-12-09 17:15:00
17296166868,2025-02-19 10:08:00
17296167130,2025-01-02 15:52:00
17296167143,2025-02-11 16:13:00
17296234209,2024-06-29 14:04:00
17297318890,2024-07-15 10:45:00
17297372346,2024-12-17 16:44:00
17297372398,2024-06-28 11:51:00
17297372401,2025-03-13 15:55:00
17297466616,2025-01-03 15:56:00
17297891546,2024-06-11 16:13:00
17298579156,2025-01-15 16:22:00
17298579178,2024-08-13 11:28:00
17298579421,2025-01-24 16:03:00
17298579644,2024-12-24 10:35:00
17299743946,2024-10-12 15:22:00
17299743988,2025-01-29 10:49:00
17299743992,2024-08-26 12:18:00
17299744213,2024-07-24 14:18:00
1730,2024-12-20 16:07:00
17300011197,2025-01-24 15:54:00
17300011211,2024-12-16 14:57:00
17300011470,2024-07-14 16:51:00
17300011707,2024-09-30 16:44:00
17300039394,2025-02-11 14:33:00
17300039897,2024-11-06 17:34:00
17300039898,2024-12-16 13:07:00
17300040140,2024-06-18 13:50:00
17300040164,2025-03-19 09:19:00
17300073705,2024-08-23 14:32:00
17300074431,2024-08-11 15:47:00
17300074716,2025-02-06 10:06:00
17300074723,2024-09-10 16:59:00
17300166642,2024-12-16 14:54:00
17300166886,2024-12-18 14:34:00
17300166892,2024-11-22 13:01:00
17300167123,2025-02-17 16:44:00
17300482782,2025-01-24 13:02:00
17300482794,2024-11-26 12:10:00
17300563403,2025-02-04 16:25:00
17300563433,2025-02-24 12:03:00
17300567994,2025-03-20 10:36:00
17300568042,2024-06-12 15:11:00
17300568264,2025-02-04 16:36:00
17316824552,2025-01-14 15:50:00
17318862301,2024-07-04 15:16:00
17337876157,2025-03-26 14:54:00
17351655359,2024-06-11 11:31:00
173998446807,2025-02-04 16:00:00
174011550946,2025-04-01 14:09:00
174040040649,2025-02-04 15:59:00
174047841523,2025-01-30 16:02:00
174065019076,2025-02-04 16:05:00
174072889576,2025-02-14 12:34:00
174095898840,2025-02-04 16:05:00
174095930571,2025-01-24 15:42:00
174109841614,2025-03-27 16:07:00
174171874536,2025-01-24 16:10:00
174171898045,2024-07-26 09:59:00
1745,2024-10-22 10:35:00
174568395966,2025-02-11 16:20:00
1746501,2025-02-21 12:05:00
175144887518,2025-02-06 09:30:00
17516989158,2024-06-20 11:55:00
175455335629,2025-03-18 12:35:00
175455618257,2025-03-17 15:17:00
175455700157,2025-02-04 16:30:00
17551,2024-09-27 15:53:00
17601,2024-06-21 09:32:00
17651,2025-03-11 13:49:00
1768601,2025-03-13 14:59:00
177100526789,2025-03-12 09:54:00
17714298557,2024-06-17 12:36:00
177179287741,2025-02-10 17:06:00
17728433621,2024-11-07 09:23:00
17733019579,2024-10-03 12:39:00
1778201,2024-07-08 09:20:00
17804158175,2024-07-11 12:59:00
178126752992,2025-02-14 14:43:00
178126836943,2025-01-29 15:32:00
17846217448,2024-06-11 17:31:00
17871418331,2024-06-14 09:43:00
17880987348,2024-06-11 17:31:00
179518677226,2025-03-20 15:44:00
180164945135,2025-02-18 15:56:00
180262378692,2025-02-10 11:44:00
1811801,2025-01-16 16:56:00
18122722542,2024-06-28 15:44:00
1821301,2024-07-23 16:10:00
182167855304,2025-02-17 16:33:00
182168155370,2025-02-20 16:04:00
18266501583,2024-06-11 16:09:00
182748859581,2025-02-08 14:31:00
183095356659,2025-02-08 14:17:00
183549198568,2025-03-13 15:45:00
184052503751,2025-02-11 16:14:00
18456410333,2024-07-10 14:47:00
18569190877,2024-07-16 10:14:00
18582606323,2024-07-24 12:59:00
186460957900,2025-03-13 15:20:00
186492178625,2025-02-11 11:31:00
1868302,2024-07-10 09:04:00
187068125415,2025-02-24 11:56:00
187068240107,2025-03-20 13:44:00
187068242109,2025-03-14 16:54:00
187068249324,2025-02-13 10:12:00
1872301,2024-10-02 09:18:00
187315701965,2025-02-08 14:16:00
187315708129,2025-01-23 10:14:00
187472007394,2025-02-08 14:12:00
187571689661,2025-01-24 14:29:00
18760208572,2024-09-12 17:35:00
18765448643,2024-07-12 10:06:00
187701614831,2025-02-20 15:50:00
187735875826,2025-02-19 10:10:00
188747750618,2025-02-17 16:24:00
188791170250,2025-02-17 16:24:00
188791239924,2025-02-25 14:28:00
1888251,2024-06-17 14:54:00
189052509416,2025-03-19 12:37:00
18925488315,2024-07-16 12:12:00
1892801,2025-02-17 16:40:00
18979227075,2024-07-04 15:25:00
189952617718,2025-02-28 15:53:00
1903901,2024-09-18 09:11:00
1912,2024-06-24 13:01:00
191306186947,2024-11-18 09:33:00
191309646061,2025-02-18 16:02:00
191360107706,2025-03-06 12:35:00
1914001,2024-07-15 10:41:00
191798058182,2024-10-03 11:58:00
191826975955,2025-02-17 16:47:00
19209454581,2024-08-28 15:39:00
1926401,2025-01-29 10:56:00
193215091903,2025-02-17 16:58:00
1935051,2025-01-29 10:12:00
193562191066,2025-02-27 16:09:00
1936351,2025-02-17 16:53:00
1936801,2025-03-17 15:13:00
1937251,2024-06-17 11:40:00
19403745212,2024-06-29 12:40:00
194193291458,2025-03-14 16:58:00
194193294568,2024-07-29 10:13:00
194235358412,2025-02-18 16:01:00
194254906600,2024-11-18 09:17:00
194254913781,2025-02-28 15:34:00
194262824152,2025-03-26 14:23:00
194357796044,2025-02-28 15:35:00
194391497943,2025-03-19 15:10:00
19519995080,2024-06-18 15:29:00
1953051,2024-06-17 11:13:00
19538238958,2024-06-21 10:34:00
195759554801,2025-02-27 10:13:00
1958,2024-11-25 09:24:00
195842341052,2025-02-20 16:05:00
195849594092,2025-02-20 16:05:00
195906253012,2025-02-27 10:13:00
196195505356,2025-02-25 17:09:00
196353666272,2025-02-28 15:33:00
196353926380,2025-03-10 12:56:00
196709276881,2025-03-14 16:57:00
19677909479,2024-06-19 11:08:00
19680336862,2024-07-03 17:16:00
19712275957,2024-09-02 14:32:00
19768841184,2024-07-15 10:37:00
1982,2024-06-17 11:59:00
198550538444,2025-02-24 11:13:00
198728707277,2025-03-07 16:45:00
198749838554,2025-03-14 16:55:00
198896133339,2025-02-26 13:22:00
199392677085,2025-02-28 15:32:00
1995,2025-03-18 10:21:00
199694975192,2025-02-24 11:59:00
199763569908,2025-02-25 14:46:00
200019299573,2025-03-17 10:49:00
20041795271,2024-07-03 17:00:00
200646847695,2025-03-03 09:06:00
200858986724,2025-03-28 12:00:00
20087444439,2024-11-27 15:51:00
201,2025-02-05 10:40:00
201064281275,2025-03-13 15:19:00
201179785413,2025-02-25 14:36:00
20181767134,2024-07-01 10:48:00
20197135817,2024-07-03 17:26:00
204197118138,2025-03-20 16:09:00
2055901,2024-07-03 10:20:00
2057051,2024-11-07 15:12:00
20667070172,2024-08-26 10:58:00
207101,2024-08-28 11:01:00
20846505940,2025-01-30 14:14:00
2084951,2025-01-02 12:11:00
208688185546,2025-03-07 10:33:00
209630526653,2025-02-28 15:35:00
20993129166,2024-07-08 11:48:00
2101,2024-09-05 12:51:00
2101051,2024-07-30 12:16:00
21034875322,2024-06-27 10:31:00
21035011528,2024-12-23 13:14:00
210860160236,2025-03-14 09:10:00
211073097944,2025-02-28 15:47:00
21157080282,2024-10-03 16:00:00
21167444667,2024-07-10 13:14:00
211893843188,2025-03-17 15:12:00
2126701,2024-10-25 10:51:00
212851,2024-08-26 12:15:00
212881892559,2025-03-07 14:46:00
213069091023,2025-03-07 14:44:00
21362727148,2024-09-25 09:53:00
21470976753,2025-01-02 16:14:00
21532489431,2024-09-18 15:46:00
2153951,2024-11-22 12:57:00
215742821614,2025-03-13 15:42:00
2160851,2025-02-17 16:30:00
216886919406,2025-03-13 16:59:00
216993780927,2025-03-19 12:37:00
217045847266,2025-03-19 12:37:00
217274966245,2025-03-27 16:07:00
217570816221,2025-03-27 16:07:00
217580423413,2025-03-27 16:07:00
21760768957,2024-08-06 10:05:00
21777978557,2025-02-18 10:47:00
2181451,2025-03-31 16:16:00
21825663458,2024-08-20 16:28:00
218480557282,2025-03-12 16:13:00
2186151,2024-06-28 13:47:00
218683280622,2025-03-26 14:23:00
218875861236,2025-03-20 16:04:00
218888901875,2025-03-13 16:04:00
218920153327,2025-03-26 14:23:00
219330810059,2025-03-17 15:21:00
2197951,2024-08-23 14:51:00
219924267223,2025-03-11 13:49:00
220547687657,2025-03-13 15:18:00
2212,2024-06-24 17:50:00
221927589098,2025-03-17 15:47:00
22197414093,2024-07-29 14:47:00
221997085934,2025-03-17 15:22:00
22214083271,2024-07-03 13:30:00
223208448212,2025-03-27 14:28:00
223258450153,2025-03-27 15:46:00
223258509530,2025-04-03 10:57:00
223258551508,2025-03-28 16:08:00
224312584383,2025-03-26 14:46:00
2245,2025-03-13 14:28:00
224593093854,2025-03-26 14:52:00
22500268994,2024-07-10 09:49:00
22501546966,2024-07-23 09:39:00
22508305596,2024-10-07 16:48:00
22510915802,2024-09-20 12:01:00
22518072310,2024-09-30 16:52:00
225572102384,2025-03-26 15:10:00
225634193657,2025-03-25 16:51:00
22654532814,2024-11-06 17:16:00
226740038851,2025-03-26 15:25:00
2268,2024-10-02 10:58:00
2275,2025-02-19 09:37:00
2286,2025-03-07 14:27:00
229784765636,2025-03-28 16:07:00
230401,2025-01-24 15:52:00
23089025760,2024-07-19 09:28:00
23129716190,2024-08-30 10:53:00
23171164662,2024-09-02 14:15:00
23233681375,2024-07-12 10:10:00
23254627301,2024-09-26 10:02:00
23285546216,2024-08-02 10:14:00
23299978221,2024-07-15 10:32:00
23305041600,2024-11-18 09:45:00
233303000297,2025-03-26 14:49:00
23352167151,2024-09-10 16:08:00
233963757782,2025-03-26 15:12:00
23403701724,2024-09-04 12:22:00
23404022987,2024-07-24 15:11:00
23461891562,2024-09-10 16:55:00
234646352076,2025-04-02 16:25:00
2346851,2024-06-11 16:07:00
234724498652,2025-03-26 15:27:00
234876886219,2025-03-26 15:27:00
236193310918,2025-04-03 11:34:00
23641810129,2024-09-02 14:24:00
238381034730,2025-04-01 16:14:00
238687496437,2025-02-04 16:08:00
238687503546,2025-03-27 15:54:00
239428803783,2025-04-03 10:51:00
240631558383,2025-04-03 11:04:00
241575924957,2025-04-03 10:56:00
24245675989,2024-10-16 13:55:00
24251196921,2025-01-29 10:50:00
2436,2025-02-28 15:33:00
2437851,2024-10-17 16:59:00
244113358010,2025-04-03 10:59:00
2443,2024-11-16 14:37:00
24572544467,2024-07-24 15:03:00
24575383504,2024-07-17 15:05:00
24673610941,2025-01-24 15:54:00
24729704155,2024-07-30 10:53:00
24836476652,2024-10-04 12:03:00
2488001,2025-03-20 10:39:00
25132601303,2024-12-11 16:13:00
25308186556,2024-09-05 09:12:00
25428234717,2024-08-05 10:12:00
2558,2024-12-13 13:48:00
25585921477,2024-08-06 09:20:00
25587890929,2024-09-26 10:31:00
2568,2025-01-09 16:36:00
2573,2025-01-31 10:26:00
25775066105,2024-08-30 13:26:00
25807744233,2024-09-19 11:28:00
25808767706,2024-09-10 16:52:00
2592,2024-10-01 15:44:00
25992164038,2024-11-22 16:44:00
26195566526,2024-08-13 12:04:00
26218317780,2024-08-06 14:12:00
26219653330,2024-12-12 10:52:00
26256481782,2025-01-14 08:25:00
26301,2024-06-26 11:38:00
2639351,2024-08-29 15:17:00
26653707991,2025-02-17 17:00:00
26942586043,2024-11-13 15:44:00
26962797009,2024-09-06 09:48:00
27135154139,2024-08-06 09:20:00
27518608318,2024-08-23 12:34:00
2755,2024-12-19 10:19:00
27576388818,2025-01-31 15:50:00
276487805133,2025-01-24 16:07:00
2801,2024-07-12 10:23:00
283058933953,2024-12-11 12:27:00
285215887599,2025-02-28 15:02:00
287006622915,2024-11-02 16:55:00
287433378024,2025-01-16 12:14:00
28774624740,2024-10-22 11:18:00
2884,2024-12-23 10:39:00
289203802305,2024-10-04 13:12:00
29614448079,2024-09-13 12:45:00
2968901,2024-06-24 12:32:00
29877218779,2024-11-21 14:48:00
3003,2024-09-02 14:31:00
3040,2025-01-29 10:49:00
3041,2025-01-29 10:50:00
307070187766,2024-07-15 10:38:00
30821797359,2025-02-14 16:45:00
30880223168,2025-01-10 12:04:00
30897957585,2024-09-17 12:09:00
30916344047,2024-10-10 14:46:00
310118115574,2024-10-04 14:17:00
31071271641,2024-11-06 17:14:00
310946667729,2024-11-08 14:55:00
311447786713,2024-06-17 11:11:00
3128,2024-11-08 10:34:00
31330425581,2024-10-15 13:42:00
31332679409,2024-11-05 11:39:00
31333588938,2024-09-24 14:35:00
31336802281,2024-08-26 12:12:00
31382073028,2024-08-22 14:59:00
31393469169,2024-10-11 13:29:00
3144,2024-10-09 15:47:00
31560408056,2024-10-14 16:13:00
31573450176,2024-10-03 15:57:00
31589722811,2024-11-07 10:32:00
31724295892,2024-10-03 16:39:00
32011339001,2024-08-30 16:51:00
32108096450,2024-10-04 15:35:00
32270638818,2024-08-30 09:18:00
32520451542,2024-07-10 09:58:00
32730996922,2024-09-26 10:12:00
32841400301,2024-11-18 09:27:00
32874270650,2024-09-04 12:18:00
33187098565,2024-11-06 15:21:00
33283058630,2024-09-10 16:54:00
33297227986,2024-11-06 17:22:00
33311988472,2024-09-26 09:39:00
33336253927,2025-01-14 11:17:00
33475925463,2025-02-04 16:41:00
334851,2024-10-25 11:20:00
33492466903,2024-11-02 16:21:00
33507478508,2024-09-26 13:18:00
33520243178,2025-02-26 15:44:00
33707137753,2024-09-07 15:50:00
33754886121,2024-12-23 14:37:00
33881968826,2025-02-03 09:14:00
33913795264,2024-09-13 17:15:00
33955353788,2024-09-10 12:29:00
34227065581,2025-01-07 13:54:00
3470501,2025-01-09 17:01:00
351,2025-02-05 10:38:00
35152270834,2024-10-15 13:50:00
35288388317,2024-09-19 15:16:00
35288396774,2025-03-26 14:49:00
35296287691,2024-11-22 16:45:00
35306696652,2024-09-13 12:57:00
35306715336,2025-01-29 09:04:00
35551492821,2025-01-09 16:36:00
35653448634,2024-10-15 13:12:00
3575952,2024-09-10 12:59:00
35764354542,2024-09-18 12:27:00
35888242369,2024-09-18 09:15:00
36091919095,2024-09-16 10:51:00
36091922670,2024-09-19 10:23:00
36126300388,2024-09-20 12:30:00
36170217424,2024-10-16 13:35:00
36491739363,2024-10-08 14:57:00
36572866798,2024-11-02 16:22:00
36817808089,2025-01-09 16:50:00
3685201,2024-09-18 12:08:00
37342868413,2024-11-05 11:02:00
37421904587,2024-12-16 15:51:00
37682095079,2024-10-03 14:05:00
37981923063,2024-12-17 18:22:00
38139271141,2025-03-25 16:28:00
3822314193,2024-09-20 15:28:00
38435696103,2024-10-31 15:01:00
38471814872,2025-02-05 16:29:00
3850,2024-10-04 13:05:00
38525686478,2024-10-15 13:18:00
38533329091,2024-09-25 09:50:00
38577617856,2025-02-04 11:49:00
38780012481,2024-09-30 16:49:00
38856808156,2024-09-30 16:46:00
38860811215,2024-09-27 15:53:00
38916026821,2025-01-02 14:42:00
39119988671,2025-03-27 15:59:00
39263214826,2024-11-18 09:09:00
3972,2025-03-12 16:15:00
3973,2025-04-03 11:02:00
39808392913,2024-12-23 13:13:00
39812975095,2024-12-26 13:18:00
40113445853,2024-11-04 15:45:00
40113446643,2024-11-06 14:53:00
40113478871,2025-02-05 11:10:00
40150745307,2024-11-04 11:13:00
40263847902,2024-11-06 12:08:00
40348998646,2024-09-30 16:43:00
4039,2025-01-29 12:17:00
40410336984,2024-11-08 15:20:00
405279028430,2025-03-13 15:26:00
405351,2024-07-25 14:18:00
40586233032,2024-10-15 15:19:00
4072551,2024-07-19 13:56:00
40754303193,2024-10-02 10:39:00
40959333101,2024-10-25 11:04:00
4098576625,2024-06-17 11:41:00
4108201,2024-08-01 12:26:00
4108408,2024-12-18 15:49:00
4108510,2024-07-24 15:10:00
41236105453,2024-11-30 14:26:00
41256682199,2024-11-26 13:44:00
41335091642,2024-11-06 17:25:00
41356610542,2024-10-17 10:46:00
413828613314,2025-02-05 10:40:00
4146863296,2024-06-16 15:04:00
4157751,2025-03-26 15:28:00
41592437737,2024-11-06 09:52:00
4163151,2024-06-17 14:15:00
41721752809,2024-11-20 09:37:00
41721773049,2024-10-08 14:50:00
42055967472,2024-10-16 13:35:00
42056008175,2024-10-09 12:23:00
42082772204,2024-10-21 15:39:00
4268,2024-07-10 15:43:00
42713987315,2025-02-04 12:33:00
42744404971,2024-11-07 10:52:00
42745301496,2024-11-22 12:55:00
42747088851,2024-11-05 10:22:00
42807610360,2025-01-17 09:20:00
429052414150,2025-03-12 17:33:00
430,2024-08-30 15:21:00
43051524545,2024-10-25 10:56:00
43082429935,2024-10-07 12:26:00
4313952,2024-06-26 15:21:00
4322047214,2024-06-17 11:47:00
433,2024-12-05 13:31:00
43409079795,2024-10-16 13:59:00
43468713430,2024-10-21 15:38:00
4369201,2024-07-17 10:19:00
44137196522,2025-01-09 16:02:00
44186424511,2024-10-31 15:34:00
44199900377,2025-01-29 10:46:00
442,2024-07-26 16:23:00
44224631492,2024-11-06 17:24:00
4428,2025-01-02 16:11:00
44291630828,2024-10-24 13:06:00
44339282129,2024-11-28 16:22:00
44587535313,2024-10-16 14:19:00
447,2024-07-31 10:49:00
44817698532,2024-10-10 12:19:00
44863505385,2024-11-18 14:53:00
44949496801,2024-10-15 13:22:00
44949566680,2024-10-29 14:44:00
4497,2024-07-31 12:19:00
44976486591,2024-11-18 15:33:00
45062750195,2024-10-17 13:59:00
45062774208,2025-01-29 10:47:00
45329315786,2024-12-23 13:14:00
455471361211,2024-11-14 15:58:00
4555833842,2024-06-11 17:31:00
45576020955,2025-01-31 10:49:00
45601832153,2024-11-25 16:21:00
45655352780,2024-11-12 09:31:00
4574396,2025-02-08 14:28:00
4574562,2024-10-03 14:16:00
4574923,2025-03-26 14:45:00
4574947,2024-07-14 14:28:00
4575033,2024-07-15 10:36:00
4575040,2024-07-12 10:08:00
4575056,2024-12-09 09:09:00
4575746,2024-11-22 15:37:00
4576553,2025-01-09 16:49:00
4577008,2024-09-02 14:29:00
4579851,2025-02-08 14:36:00
4583903,2024-10-07 10:08:00
4584551,2024-10-08 16:04:00
4610,2025-01-15 15:17:00
463001,2025-02-08 10:57:00
46344038844,2024-10-15 13:21:00
46399140809,2024-11-19 09:39:00
46402915044,2024-11-15 09:55:00
4661,2024-07-08 11:51:00
46634377942,2024-11-06 17:16:00
46723261647,2024-12-09 17:13:00
46802593234,2024-11-06 13:10:00
47074902471,2025-02-24 14:23:00
47099428034,2024-10-21 15:26:00
47122424530,2024-11-15 10:04:00
47322301669,2024-11-22 12:59:00
4737454797,2024-10-18 12:27:00
4738056129,2024-10-19 11:03:00
4770701,2025-01-20 16:50:00
4770851,2024-06-17 11:11:00
4771301,2024-07-24 15:06:00
4802,2024-10-02 14:16:00
4825,2025-01-03 15:46:00
4832,2024-09-26 16:41:00
4841,2024-12-23 13:15:00
4846,2024-08-23 14:31:00
4903,2024-11-07 14:40:00
4929,2024-10-22 17:21:00
4937,2024-12-04 14:42:00
4939,2024-06-17 13:23:00
4942,2024-12-17 11:53:00
49505019078,2025-01-23 15:48:00
4951351,2024-11-18 09:16:00
4961,2024-11-18 09:27:00
4961502,2024-06-17 11:17:00
4980,2025-01-15 15:19:00
4993,2024-11-21 11:51:00
50118853858,2024-12-20 16:04:00
5024,2024-09-18 14:10:00
5044,2025-01-29 11:44:00
5068,2024-11-18 09:17:00
5069,2024-12-31 11:03:00
50829316332,2025-01-16 09:23:00
5100,2024-06-24 11:46:00
51308332220,2024-11-18 09:37:00
51517954294,2025-02-05 11:09:00
5186001,2024-07-01 09:20:00
5202,2024-10-25 10:24:00
52049835238,2025-02-17 16:43:00
5277851,2025-03-25 16:49:00
5304901,2024-11-06 17:17:00
5320703685,2024-11-27 10:53:00
5343451,2025-01-29 10:59:00
5346,2024-12-09 13:12:00
5360,2024-07-25 14:09:00
53728690424,2024-12-23 14:36:00
5375,2025-01-31 10:50:00
5393,2025-02-24 11:10:00
5399801,2024-09-10 10:39:00
5420,2024-11-18 09:35:00
5424,2025-01-29 10:47:00
542631785668,2024-12-23 13:14:00
5446,2024-12-20 16:07:00
55001,2024-12-02 17:49:00
563210707173,2024-10-29 13:56:00
5769,2024-12-28 12:31:00
5773,2025-02-17 16:22:00
5785,2025-01-02 15:55:00
5788,2024-07-16 10:13:00
57951,2024-07-04 15:18:00
581801,2024-12-10 17:38:00
582751,2024-07-19 15:18:00
584001,2025-03-31 16:21:00
5855792573,2024-11-19 12:37:00
591885149432,2025-01-15 16:27:00
6052,2024-11-26 15:08:00
6127,2024-06-17 14:11:00
6136,2024-11-18 10:43:00
6155,2024-12-23 11:12:00
6174,2025-02-19 09:58:00
6187,2025-03-31 10:04:00
6193,2024-09-12 09:26:00
6304,2025-03-20 15:42:00
6308482241,2024-06-26 10:38:00
6316644580,2024-08-06 15:53:00
6558,2024-09-05 10:05:00
6559282911,2024-09-18 09:20:00
6571,2025-01-17 09:21:00
658901,2024-07-26 15:59:00
6596,2025-03-13 15:15:00
6598,2024-12-06 11:03:00
6602,2024-09-03 10:38:00
67151,2024-06-27 11:16:00
6860,2025-01-31 10:34:00
687201,2024-10-10 15:47:00
6880,2024-08-28 15:52:00
6893,2024-08-06 09:32:00
7003,2025-01-02 15:03:00
7004,2024-08-28 11:16:00
70123999438,2025-02-20 16:04:00
70222496999,2024-12-09 14:26:00
7051,2025-02-17 16:33:00
707151,2024-11-18 09:48:00
709404,2024-08-28 09:45:00
709417,2024-11-19 17:27:00
709657,2025-03-07 14:45:00
710067,2025-01-06 12:58:00
710726,2024-11-07 14:27:00
710903,2025-01-20 12:15:00
710905,2024-11-22 10:56:00
711162,2024-09-13 12:52:00
711635,2024-12-24 09:44:00
7117,2024-11-19 13:25:00
711806,2024-06-26 11:00:00
711808,2024-07-10 14:04:00
712251,2025-01-24 16:00:00
712553,2024-12-02 11:41:00
7126,2025-02-17 11:16:00
712779,2024-10-31 14:02:00
71332936922,2024-11-06 17:17:00
713585,2025-03-31 16:20:00
713862,2024-06-21 16:49:00
7138930880,2025-01-21 09:47:00
714085,2024-11-06 15:14:00
7143,2024-11-08 16:17:00
714571,2024-09-16 10:53:00
7148,2025-02-05 09:54:00
714910,2024-11-07 12:11:00
715048,2024-08-06 15:17:00
715468,2024-10-22 17:26:00
715470,2025-03-21 14:55:00
71581313231,2024-10-22 14:24:00
71588942073,2024-12-03 10:12:00
715903,2025-01-03 10:09:00
716301,2024-11-19 09:50:00
716309,2025-01-03 10:10:00
717,2024-12-05 11:02:00
71773702355,2024-11-22 10:39:00
718260,2025-02-05 11:24:00
719302,2024-11-28 11:04:00
722304,2024-08-20 12:51:00
722610,2024-11-27 10:56:00
722896,2024-07-27 10:10:00
723269,2024-06-17 14:46:00
723554,2025-01-20 16:53:00
723579,2024-11-04 16:11:00
723590,2024-11-22 12:56:00
723801,2025-01-29 15:33:00
7246407386,2024-09-21 10:26:00
724642,2024-07-24 15:13:00
724757,2024-12-12 13:32:00
725319,2025-01-09 16:39:00
725419,2025-02-04 16:35:00
7255,2025-02-04 16:34:00
725678,2024-08-28 15:50:00
7258,2024-07-01 12:50:00
7259,2024-06-27 14:43:00
726284,2025-01-23 11:20:00
726319,2025-02-17 16:54:00
726615,2024-06-11 17:28:00
726759,2025-03-26 14:44:00
7274031343,2024-06-17 11:13:00
7275,2024-11-22 12:54:00
727773,2024-10-25 11:02:00
727827,2024-06-18 09:19:00
727848,2025-02-22 14:18:00
727919,2025-02-17 16:35:00
727950,2025-02-14 14:09:00
72798631099,2024-11-13 16:04:00
728474,2025-03-28 16:21:00
728538,2025-03-12 10:36:00
728739,2025-03-31 14:15:00
728806,2025-02-18 16:15:00
728849,2025-02-05 10:44:00
729355,2024-11-27 15:53:00
729372,2024-08-06 09:24:00
729419,2024-12-11 11:30:00
729685,2024-06-24 14:42:00
7297,2025-03-13 15:43:00
7298,2024-09-10 15:41:00
731151,2024-10-04 11:39:00
7315,2025-02-19 10:02:00
7331,2025-02-04 15:55:00
7355,2024-12-09 17:21:00
73656081634,2024-12-11 12:02:00
73677263094,2024-11-02 10:12:00
73815020764,2024-12-26 11:13:00
7390,2024-10-05 14:32:00
7394,2024-09-26 14:49:00
7409,2024-07-09 12:28:00
7416,2024-06-24 12:17:00
7422,2024-06-24 16:59:00
7428,2025-01-24 15:47:00
74301351150,2025-03-20 09:36:00
7444,2024-09-23 14:16:00
74538681588,2024-12-26 10:57:00
748101,2025-01-22 14:48:00
75118726361,2024-11-06 17:28:00
7514,2024-12-23 12:36:00
7522,2024-12-14 15:10:00
7526,2024-07-03 09:55:00
7534,2024-11-21 11:16:00
75344891076,2024-12-03 10:15:00
7535,2024-12-18 15:53:00
7542,2024-07-02 14:23:00
7545,2025-01-09 16:37:00
7567726551,2024-07-03 17:28:00
7607,2025-02-06 16:19:00
76177972455,2025-02-05 11:30:00
7643,2025-04-03 10:55:00
7720,2024-11-28 09:23:00
7726,2024-06-27 10:16:00
7738,2024-09-26 10:24:00
7742,2024-08-08 09:57:00
7780,2024-08-26 10:21:00
77855875298,2025-02-05 11:28:00
7792,2024-07-11 10:48:00
79057224924,2024-11-22 16:46:00
7940,2024-10-04 13:41:00
7974,2024-08-20 10:03:00
79878941935,2024-11-14 14:34:00
7992,2024-09-26 11:10:00
80051,2024-08-23 14:55:00
8007,2024-09-19 11:00:00
80158107888,2024-12-03 10:13:00
8052,2024-10-22 12:11:00
8101072102,2025-02-28 15:50:00
81451,2025-02-20 16:05:00
8146,2024-10-29 09:02:00
81497187516,2025-02-08 14:25:00
81653,2025-02-11 16:03:00
8171,2024-08-06 09:23:00
81735871724,2025-01-03 15:51:00
81744162029,2025-03-28 09:22:00
81795157208,2025-01-03 15:49:00
81800163543,2025-01-24 13:01:00
81802858709,2024-12-20 16:08:00
8182,2024-07-15 10:42:00
8197,2024-08-02 10:17:00
8323,2024-12-27 16:07:00
8347,2024-09-10 16:53:00
8352,2025-02-19 09:53:00
8364251355,2024-08-26 12:10:00
8367,2024-06-29 14:15:00
8369,2024-12-13 12:05:00
8376,2025-03-14 16:49:00
8398,2024-12-17 12:00:00
8485,2024-06-11 12:20:00
8494,2024-11-07 09:25:00
8564,2024-11-20 10:10:00
857,2025-03-20 15:39:00
8577,2024-08-30 16:53:00
8603,2024-11-22 12:52:00
8609,2024-12-10 16:53:00
87342535900,2024-11-20 09:11:00
880,2025-01-31 10:28:00
881,2025-02-04 16:21:00
88128360682,2025-01-24 15:44:00
888,2025-01-16 09:53:00
88883326168,2024-12-27 09:40:00
88954501362,2025-02-20 15:51:00
89195075811,2024-12-16 15:02:00
89223166173,2025-01-24 13:01:00
896,2024-06-27 16:35:00
9006809576,2024-07-12 15:36:00
9007496172,2024-07-19 15:16:00
9007858394,2024-07-24 15:04:00
9007859136,2024-07-18 12:57:00
9018636502,2024-06-17 14:29:00
9023783388,2024-07-24 15:07:00
9024506583,2024-07-01 15:33:00
90415800560,2024-11-07 15:12:00
90534748407,2025-01-02 16:06:00
909768,2024-06-28 13:44:00
909778,2024-08-30 10:36:00
909785,2025-02-04 10:40:00
909856,2024-11-26 12:10:00
909895,2025-01-08 10:53:00
910614,2024-12-20 16:04:00
910625,2024-07-15 10:42:00
910627,2025-02-28 15:53:00
910633,2024-08-23 11:14:00
910736,2024-10-11 15:07:00
910748,2024-07-01 12:44:00
910787,2024-10-22 12:57:00
910942,2024-07-15 10:39:00
911016,2024-10-01 14:20:00
911026,2024-07-24 15:55:00
911027,2025-02-17 16:34:00
911089,2024-11-30 17:01:00
911092,2025-03-26 10:56:00
911166,2024-08-19 14:19:00
911180,2024-12-05 09:08:00
911184,2024-08-10 15:15:00
911375,2025-02-11 12:59:00
911601,2024-07-08 14:08:00
911756,2024-11-02 16:53:00
911928,2025-02-08 14:30:00
912102,2024-12-10 16:54:00
912186,2024-12-03 10:17:00
912203,2024-07-18 10:36:00
912215,2025-02-05 11:26:00
912252,2024-09-30 16:37:00
912272,2024-10-08 15:16:00
912803,2025-01-14 17:56:00
912805,2024-07-17 11:59:00
91521050858,2024-12-04 11:08:00
916801,2024-12-06 16:13:00
916806,2024-07-04 11:33:00
916807,2024-06-19 12:51:00
916903,2024-06-19 14:50:00
916909,2024-06-11 17:26:00
917103,2024-07-04 12:03:00
917160,2025-04-03 15:02:00
917202,2024-08-28 15:59:00
917206,2025-03-13 10:16:00
92267146455,2024-11-29 16:17:00
9237258727,2024-07-24 15:00:00
9237949118,2024-06-11 17:31:00
9237949121,2025-01-20 16:52:00
9241679855,2025-03-13 16:19:00
9246572525,2025-03-06 09:28:00
9247438275,2025-03-07 14:50:00
92545710322,2024-11-28 14:20:00
9269745638,2025-01-24 16:08:00
948601,2024-12-09 17:16:00
949651,2024-12-17 12:03:00
96887382240,2025-02-11 09:46:00
96939101415,2024-12-12 14:34:00
97214937280,2024-12-28 09:19:00
9803,2024-11-26 15:05:00
9852,2025-02-05 10:45:00
993451,2024-09-13 17:16:00
